2015-10-02 17:20:43,ANSWERED
2015-10-01 08:01:31,ANSWERED
2015-10-01 08:05:01,ANSWERED
2015-10-01 08:10:49,ANSWERED
2015-10-01 08:22:49,ANSWERED
2015-10-01 08:29:53,NO ANSWER
2015-10-01 08:34:13,ANSWERED
2015-10-01 08:52:28,ANSWERED
2015-10-01 09:00:23,ANSWERED
2015-10-01 09:32:25,ANSWERED
2015-10-01 09:33:56,ANSWERED
2015-10-01 09:34:20,ANSWERED
2015-10-01 09:37:32,ANSWERED
2015-10-01 09:43:18,ANSWERED
2015-10-01 09:46:17,ANSWERED
2015-10-01 09:52:24,ANSWERED
2015-10-01 09:55:36,ANSWERED
2015-10-01 10:15:55,ANSWERED
2015-10-01 10:18:09,ANSWERED
2015-10-01 10:24:10,NO ANSWER
2015-10-01 10:25:31,ANSWERED
2015-10-01 10:20:54,ANSWERED
2015-10-01 10:51:24,ANSWERED
2015-10-01 10:51:46,NO ANSWER
2015-10-01 10:52:39,ANSWERED
2015-10-01 10:56:17,ANSWERED
2015-10-01 10:57:04,ANSWERED
2015-10-01 10:56:44,ANSWERED
2015-10-01 11:08:06,ANSWERED
2015-10-01 11:12:28,ANSWERED
2015-10-01 11:15:57,ANSWERED
2015-10-01 11:16:58,ANSWERED
2015-10-01 11:18:22,ANSWERED
2015-10-01 11:20:02,ANSWERED
2015-10-01 11:20:23,ANSWERED
2015-10-01 11:23:26,ANSWERED
2015-10-01 11:24:46,ANSWERED
2015-10-01 11:27:36,ANSWERED
2015-10-01 11:27:04,ANSWERED
2015-10-01 11:28:00,ANSWERED
2015-10-01 11:31:10,ANSWERED
2015-10-01 11:35:27,ANSWERED
2015-10-01 11:58:03,ANSWERED
2015-10-01 12:09:50,ANSWERED
2015-10-01 12:14:33,ANSWERED
2015-10-01 12:32:26,ANSWERED
2015-10-01 12:33:11,ANSWERED
2015-10-01 12:36:51,ANSWERED
2015-10-01 12:59:13,NO ANSWER
2015-10-01 13:00:00,ANSWERED
2015-10-01 13:02:57,ANSWERED
2015-10-01 12:57:57,ANSWERED
2015-10-01 13:05:29,ANSWERED
2015-10-01 13:13:43,ANSWERED
2015-10-01 13:34:10,ANSWERED
2015-10-01 13:40:32,ANSWERED
2015-10-01 13:43:01,NO ANSWER
2015-10-01 13:44:50,ANSWERED
2015-10-01 13:45:42,ANSWERED
2015-10-01 13:48:58,ANSWERED
2015-10-01 13:49:43,ANSWERED
2015-10-01 14:13:54,ANSWERED
2015-10-01 14:18:25,ANSWERED
2015-10-01 14:20:43,ANSWERED
2015-10-01 14:27:33,ANSWERED
2015-10-01 14:38:30,ANSWERED
2015-10-01 14:59:02,ANSWERED
2015-10-01 14:59:49,ANSWERED
2015-10-01 15:02:36,ANSWERED
2015-10-01 15:17:37,NO ANSWER
2015-10-01 15:19:01,NO ANSWER
2015-10-01 15:18:44,NO ANSWER
2015-10-01 15:19:20,NO ANSWER
2015-10-01 15:17:10,NO ANSWER
2015-10-01 15:21:35,NO ANSWER
2015-10-01 15:21:32,ANSWERED
2015-10-01 15:22:29,NO ANSWER
2015-10-01 15:23:20,NO ANSWER
2015-10-01 15:23:28,NO ANSWER
2015-10-01 15:22:43,ANSWERED
2015-10-01 15:29:07,ANSWERED
2015-10-01 15:43:12,ANSWERED
2015-10-01 15:44:21,ANSWERED
2015-10-01 15:50:03,ANSWERED
2015-10-01 15:57:20,ANSWERED
2015-10-01 16:06:02,ANSWERED
2015-10-01 16:06:44,ANSWERED
2015-10-01 15:57:20,ANSWERED
2015-10-01 16:08:05,ANSWERED
2015-10-01 16:08:15,ANSWERED
2015-10-01 16:26:06,NO ANSWER
2015-10-01 16:28:50,ANSWERED
2015-10-01 16:30:46,NO ANSWER
2015-10-01 16:31:43,ANSWERED
2015-10-01 16:30:09,ANSWERED
2015-10-01 16:34:01,ANSWERED
2015-10-01 16:43:02,ANSWERED
2015-10-01 16:51:26,ANSWERED
2015-10-01 16:52:45,ANSWERED
2015-10-01 16:54:28,ANSWERED
2015-10-01 16:54:42,ANSWERED
2015-10-01 16:54:32,ANSWERED
2015-10-01 16:58:13,ANSWERED
2015-10-01 16:56:12,ANSWERED
2015-10-01 16:55:13,ANSWERED
2015-10-01 17:06:42,ANSWERED
2015-10-01 17:08:02,ANSWERED
2015-10-01 17:23:07,ANSWERED
2015-10-01 17:25:54,ANSWERED
2015-10-01 18:17:57,ANSWERED
2015-10-01 18:15:04,ANSWERED
2015-10-01 19:02:24,ANSWERED
2015-10-01 19:06:14,ANSWERED
2015-10-01 19:58:41,ANSWERED
2015-10-01 20:00:38,ANSWERED
2015-10-01 19:49:49,ANSWERED
2015-10-01 20:14:07,ANSWERED
2015-10-01 20:32:04,ANSWERED
2015-10-01 21:17:47,NO ANSWER
2015-10-02 07:17:03,ANSWERED
2015-10-02 08:08:36,ANSWERED
2015-10-02 08:16:44,ANSWERED
2015-10-02 08:22:22,ANSWERED
2015-10-02 08:21:54,ANSWERED
2015-10-02 08:40:08,ANSWERED
2015-10-02 08:46:15,ANSWERED
2015-10-02 08:58:15,ANSWERED
2015-10-02 08:59:16,ANSWERED
2015-10-02 08:59:23,ANSWERED
2015-10-02 09:02:58,ANSWERED
2015-10-02 09:16:17,ANSWERED
2015-10-02 09:33:43,NO ANSWER
2015-10-02 09:33:39,ANSWERED
2015-10-02 09:28:45,ANSWERED
2015-10-02 09:41:28,ANSWERED
2015-10-02 09:43:26,ANSWERED
2015-10-02 09:44:05,ANSWERED
2015-10-02 09:46:37,ANSWERED
2015-10-02 09:53:45,NO ANSWER
2015-10-02 09:55:37,ANSWERED
2015-10-02 09:58:22,ANSWERED
2015-10-02 10:03:29,NO ANSWER
2015-10-02 10:08:49,NO ANSWER
2015-10-02 09:28:27,ANSWERED
2015-10-02 10:16:16,ANSWERED
2015-10-02 10:16:15,ANSWERED
2015-10-02 10:15:43,ANSWERED
2015-10-02 10:24:13,ANSWERED
2015-10-02 10:24:00,ANSWERED
2015-10-02 10:27:49,ANSWERED
2015-10-02 10:41:21,ANSWERED
2015-10-02 10:44:11,ANSWERED
2015-10-02 11:01:30,ANSWERED
2015-10-02 10:57:58,ANSWERED
2015-10-02 11:04:44,ANSWERED
2015-10-02 11:07:43,ANSWERED
2015-10-02 11:08:35,ANSWERED
2015-10-02 11:11:30,ANSWERED
2015-10-02 11:21:09,NO ANSWER
2015-10-02 11:22:55,NO ANSWER
2015-10-02 11:25:57,NO ANSWER
2015-10-02 11:17:36,ANSWERED
2015-10-02 11:33:20,NO ANSWER
2015-10-02 11:32:28,ANSWERED
2015-10-02 11:16:37,ANSWERED
2015-10-02 11:44:10,NO ANSWER
2015-10-02 11:49:07,ANSWERED
2015-10-02 11:56:52,NO ANSWER
2015-10-02 11:48:42,ANSWERED
2015-10-02 11:57:26,NO ANSWER
2015-10-02 11:22:40,ANSWERED
2015-10-02 12:23:44,ANSWERED
2015-10-02 12:23:58,ANSWERED
2015-10-02 12:28:50,ANSWERED
2015-10-02 12:42:54,ANSWERED
2015-10-02 13:29:56,ANSWERED
2015-10-02 13:54:55,ANSWERED
2015-10-02 14:06:54,ANSWERED
2015-10-02 14:08:46,ANSWERED
2015-10-02 14:20:48,NO ANSWER
2015-10-02 14:27:34,NO ANSWER
2015-10-02 14:24:27,ANSWERED
2015-10-02 14:30:30,ANSWERED
2015-10-02 15:18:16,ANSWERED
2015-10-02 15:16:31,ANSWERED
2015-10-02 15:26:02,NO ANSWER
2015-10-02 15:25:09,ANSWERED
2015-10-02 15:29:01,NO ANSWER
2015-10-02 15:29:29,NO ANSWER
2015-10-02 15:30:30,NO ANSWER
2015-10-02 15:32:04,ANSWERED
2015-10-02 15:30:26,ANSWERED
2015-10-02 15:32:53,ANSWERED
2015-10-02 15:42:15,ANSWERED
2015-10-02 15:50:45,ANSWERED
2015-10-02 16:06:34,ANSWERED
2015-10-02 16:32:14,NO ANSWER
2015-10-02 16:33:18,ANSWERED
2015-10-02 16:43:10,ANSWERED
2015-10-02 16:51:29,ANSWERED
2015-10-02 16:55:59,ANSWERED
2015-10-02 17:05:43,ANSWERED
2015-10-02 17:19:08,NO ANSWER
2015-10-02 17:20:50,NO ANSWER
2015-10-02 17:19:51,ANSWERED
2015-10-02 17:30:37,NO ANSWER
2015-10-02 17:31:43,NO ANSWER
2015-10-02 17:32:30,NO ANSWER
2015-10-02 18:03:35,NO ANSWER
2015-10-02 17:58:16,ANSWERED
2015-10-02 18:59:31,NO ANSWER
2015-10-02 19:49:47,ANSWERED
2015-10-02 20:35:17,ANSWERED
2015-10-02 20:57:01,NO ANSWER
2015-10-03 08:45:14,ANSWERED
2015-10-03 09:14:30,ANSWERED
2015-10-03 09:43:50,ANSWERED
2015-10-03 09:51:26,NO ANSWER
2015-10-03 09:45:02,ANSWERED
2015-10-03 09:54:14,NO ANSWER
2015-10-03 10:12:48,NO ANSWER
2015-10-03 10:15:17,ANSWERED
2015-10-03 10:28:09,ANSWERED
2015-10-03 10:48:16,ANSWERED
2015-10-03 11:08:02,ANSWERED
2015-10-03 11:19:19,ANSWERED
2015-10-03 12:09:33,ANSWERED
2015-10-03 12:19:11,ANSWERED
2015-10-03 12:25:44,ANSWERED
2015-10-03 12:48:34,ANSWERED
2015-10-03 12:55:08,ANSWERED
2015-10-03 13:00:58,ANSWERED
2015-10-03 13:04:29,ANSWERED
2015-10-03 13:42:04,ANSWERED
2015-10-03 14:27:28,ANSWERED
2015-10-03 14:36:38,ANSWERED
2015-10-03 14:46:17,ANSWERED
2015-10-03 14:56:56,ANSWERED
2015-10-03 15:53:42,ANSWERED
2015-10-03 18:28:49,ANSWERED
2015-10-03 18:44:05,ANSWERED
2015-10-03 18:58:36,ANSWERED
2015-10-03 19:11:55,ANSWERED
2015-10-03 19:31:03,ANSWERED
2015-10-04 12:58:39,ANSWERED
2015-10-04 13:19:22,ANSWERED
2015-10-04 14:29:30,ANSWERED
2015-10-04 17:55:20,ANSWERED
2015-10-05 07:00:42,ANSWERED
2015-10-05 07:08:58,ANSWERED
2015-10-05 07:29:55,ANSWERED
2015-10-05 07:39:11,ANSWERED
2015-10-05 07:52:02,ANSWERED
2015-10-05 07:54:32,NO ANSWER
2015-10-05 08:25:18,ANSWERED
2015-10-05 08:45:27,ANSWERED
2015-10-05 09:23:31,ANSWERED
2015-10-05 09:53:33,ANSWERED
2015-10-05 09:53:36,ANSWERED
2015-10-05 09:52:27,ANSWERED
2015-10-05 10:02:45,ANSWERED
2015-10-05 10:07:51,ANSWERED
2015-10-05 10:16:02,ANSWERED
2015-10-05 10:07:45,ANSWERED
2015-10-05 10:21:07,ANSWERED
2015-10-05 11:10:21,ANSWERED
2015-10-05 11:33:47,ANSWERED
2015-10-05 11:38:13,ANSWERED
2015-10-05 11:42:08,NO ANSWER
2015-10-05 11:38:02,ANSWERED
2015-10-05 11:41:56,ANSWERED
2015-10-05 11:49:35,ANSWERED
2015-10-05 12:13:57,ANSWERED
2015-10-05 12:20:48,ANSWERED
2015-10-05 12:33:08,ANSWERED
2015-10-05 12:40:27,NO ANSWER
2015-10-05 12:46:34,NO ANSWER
2015-10-05 13:07:39,ANSWERED
2015-10-05 12:59:04,ANSWERED
2015-10-05 13:33:34,ANSWERED
2015-10-05 13:43:30,ANSWERED
2015-10-05 13:57:52,ANSWERED
2015-10-05 14:12:14,ANSWERED
2015-10-05 14:13:18,ANSWERED
2015-10-05 14:18:14,ANSWERED
2015-10-05 14:32:25,ANSWERED
2015-10-05 14:40:35,NO ANSWER
2015-10-05 14:41:05,ANSWERED
2015-10-05 14:49:47,ANSWERED
2015-10-05 15:02:57,ANSWERED
2015-10-05 15:03:18,ANSWERED
2015-10-05 15:06:27,ANSWERED
2015-10-05 15:23:49,ANSWERED
2015-10-05 15:29:11,ANSWERED
2015-10-05 15:30:12,ANSWERED
2015-10-05 15:40:17,ANSWERED
2015-10-05 15:44:26,ANSWERED
2015-10-05 15:45:20,ANSWERED
2015-10-05 16:04:17,ANSWERED
2015-10-05 16:04:50,ANSWERED
2015-10-05 16:11:44,ANSWERED
2015-10-05 16:12:42,ANSWERED
2015-10-05 16:09:45,ANSWERED
2015-10-05 16:17:00,ANSWERED
2015-10-05 16:19:09,ANSWERED
2015-10-05 16:22:35,NO ANSWER
2015-10-05 16:26:51,NO ANSWER
2015-10-05 16:22:30,ANSWERED
2015-10-05 16:34:47,ANSWERED
2015-10-05 16:37:25,ANSWERED
2015-10-05 16:50:15,ANSWERED
2015-10-05 16:49:22,ANSWERED
2015-10-05 16:57:56,NO ANSWER
2015-10-05 16:58:52,NO ANSWER
2015-10-05 16:59:31,NO ANSWER
2015-10-05 16:56:36,ANSWERED
2015-10-05 17:04:28,ANSWERED
2015-10-05 16:33:33,ANSWERED
2015-10-05 17:08:34,ANSWERED
2015-10-05 17:21:15,ANSWERED
2015-10-05 17:23:35,ANSWERED
2015-10-05 17:35:22,ANSWERED
2015-10-05 17:43:41,ANSWERED
2015-10-05 17:44:19,ANSWERED
2015-10-05 17:51:46,ANSWERED
2015-10-05 18:05:01,ANSWERED
2015-10-05 19:16:10,ANSWERED
2015-10-05 19:28:31,ANSWERED
2015-10-05 20:03:48,ANSWERED
2015-10-05 20:33:41,ANSWERED
2015-10-06 07:01:01,ANSWERED
2015-10-06 07:12:42,ANSWERED
2015-10-06 07:13:35,ANSWERED
2015-10-06 07:25:23,ANSWERED
2015-10-06 07:31:15,ANSWERED
2015-10-06 07:48:05,ANSWERED
2015-10-06 07:55:19,NO ANSWER
2015-10-06 07:57:13,NO ANSWER
2015-10-06 08:02:33,ANSWERED
2015-10-06 09:04:25,ANSWERED
2015-10-06 09:05:13,ANSWERED
2015-10-06 09:21:25,ANSWERED
2015-10-06 09:47:32,ANSWERED
2015-10-06 09:45:10,ANSWERED
2015-10-06 09:56:14,ANSWERED
2015-10-06 10:10:04,ANSWERED
2015-10-06 10:13:38,NO ANSWER
2015-10-06 10:11:34,ANSWERED
2015-10-06 11:39:15,ANSWERED
2015-10-06 12:27:33,ANSWERED
2015-10-06 12:39:09,ANSWERED
2015-10-06 14:02:26,ANSWERED
2015-10-06 14:13:50,ANSWERED
2015-10-06 14:14:44,ANSWERED
2015-10-06 14:33:51,ANSWERED
2015-10-06 14:37:26,ANSWERED
2015-10-06 14:39:07,ANSWERED
2015-10-06 14:49:02,ANSWERED
2015-10-06 14:56:50,ANSWERED
2015-10-06 15:09:00,NO ANSWER
2015-10-06 15:11:36,ANSWERED
2015-10-06 15:14:34,NO ANSWER
2015-10-06 15:20:42,NO ANSWER
2015-10-06 15:20:42,NO ANSWER
2015-10-06 15:45:40,NO ANSWER
2015-10-06 15:47:20,NO ANSWER
2015-10-06 15:22:15,ANSWERED
2015-10-06 15:39:47,ANSWERED
2015-10-06 15:52:12,ANSWERED
2015-10-06 15:55:59,ANSWERED
2015-10-06 15:56:56,ANSWERED
2015-10-06 16:00:42,NO ANSWER
2015-10-06 16:05:47,NO ANSWER
2015-10-06 16:07:18,NO ANSWER
2015-10-06 16:07:58,NO ANSWER
2015-10-06 16:07:02,ANSWERED
2015-10-06 16:13:15,NO ANSWER
2015-10-06 16:12:23,ANSWERED
2015-10-06 16:17:08,ANSWERED
2015-10-06 16:19:27,ANSWERED
2015-10-06 16:14:22,ANSWERED
2015-10-06 16:26:13,NO ANSWER
2015-10-06 16:29:18,NO ANSWER
2015-10-06 16:27:36,ANSWERED
2015-10-06 16:29:46,ANSWERED
2015-10-06 16:52:26,NO ANSWER
2015-10-06 16:51:03,ANSWERED
2015-10-06 16:55:05,NO ANSWER
2015-10-06 16:55:11,ANSWERED
2015-10-06 17:15:59,ANSWERED
2015-10-06 17:47:58,NO ANSWER
2015-10-06 17:40:41,ANSWERED
2015-10-06 18:01:24,ANSWERED
2015-10-06 18:30:10,ANSWERED
2015-10-06 18:47:16,NO ANSWER
2015-10-06 18:57:53,NO ANSWER
2015-10-06 19:00:21,ANSWERED
2015-10-06 19:02:08,ANSWERED
2015-10-06 20:08:31,ANSWERED
2015-10-07 07:52:04,ANSWERED
2015-10-07 08:03:54,ANSWERED
2015-10-07 08:37:33,ANSWERED
2015-10-07 08:38:46,ANSWERED
2015-10-07 08:39:38,ANSWERED
2015-10-07 09:20:49,ANSWERED
2015-10-07 09:24:49,ANSWERED
2015-10-07 09:29:28,NO ANSWER
2015-10-07 09:31:19,NO ANSWER
2015-10-07 09:31:02,ANSWERED
2015-10-07 09:40:02,ANSWERED
2015-10-07 10:02:01,ANSWERED
2015-10-07 10:02:39,ANSWERED
2015-10-07 10:03:16,ANSWERED
2015-10-07 10:03:52,ANSWERED
2015-10-07 10:17:07,NO ANSWER
2015-10-07 10:17:36,ANSWERED
2015-10-07 10:03:13,ANSWERED
2015-10-07 10:28:27,ANSWERED
2015-10-07 10:42:21,ANSWERED
2015-10-07 10:47:01,ANSWERED
2015-10-07 11:02:51,ANSWERED
2015-10-07 11:25:06,NO ANSWER
2015-10-07 11:24:33,ANSWERED
2015-10-07 11:32:05,ANSWERED
2015-10-07 11:36:15,ANSWERED
2015-10-07 11:37:19,ANSWERED
2015-10-07 11:43:50,ANSWERED
2015-10-07 11:47:58,ANSWERED
2015-10-07 11:55:39,ANSWERED
2015-10-07 11:58:12,ANSWERED
2015-10-07 12:16:21,ANSWERED
2015-10-07 12:32:57,ANSWERED
2015-10-07 12:36:04,ANSWERED
2015-10-07 13:05:41,NO ANSWER
2015-10-07 13:16:11,ANSWERED
2015-10-07 13:36:46,ANSWERED
2015-10-07 13:49:08,ANSWERED
2015-10-07 13:49:39,ANSWERED
2015-10-07 13:57:56,ANSWERED
2015-10-07 13:58:31,ANSWERED
2015-10-07 14:35:58,ANSWERED
2015-10-07 14:40:48,NO ANSWER
2015-10-07 14:38:17,ANSWERED
2015-10-07 15:16:55,ANSWERED
2015-10-07 15:23:21,ANSWERED
2015-10-07 15:35:24,NO ANSWER
2015-10-07 15:37:07,ANSWERED
2015-10-07 15:40:39,ANSWERED
2015-10-07 15:37:39,ANSWERED
2015-10-07 15:50:46,NO ANSWER
2015-10-07 15:48:14,ANSWERED
2015-10-07 15:50:18,ANSWERED
2015-10-07 15:56:14,ANSWERED
2015-10-07 16:16:39,NO ANSWER
2015-10-07 16:44:33,ANSWERED
2015-10-07 18:33:43,ANSWERED
2015-10-07 19:08:02,ANSWERED
2015-10-08 07:51:20,ANSWERED
2015-10-08 08:08:37,ANSWERED
2015-10-08 08:39:18,ANSWERED
2015-10-08 08:46:35,ANSWERED
2015-10-08 08:50:28,ANSWERED
2015-10-08 08:47:00,ANSWERED
2015-10-08 09:00:34,NO ANSWER
2015-10-08 09:14:55,ANSWERED
2015-10-08 09:18:18,ANSWERED
2015-10-08 09:26:34,ANSWERED
2015-10-08 09:52:48,ANSWERED
2015-10-08 10:04:20,ANSWERED
2015-10-08 09:59:23,ANSWERED
2015-10-08 10:13:30,ANSWERED
2015-10-08 10:13:56,ANSWERED
2015-10-08 10:22:53,ANSWERED
2015-10-08 10:29:20,ANSWERED
2015-10-08 10:45:52,NO ANSWER
2015-10-08 10:44:25,ANSWERED
2015-10-08 10:57:25,ANSWERED
2015-10-08 10:42:26,ANSWERED
2015-10-08 10:58:09,ANSWERED
2015-10-08 11:13:55,ANSWERED
2015-10-08 11:10:00,ANSWERED
2015-10-08 11:29:47,ANSWERED
2015-10-08 11:43:25,ANSWERED
2015-10-08 11:58:40,ANSWERED
2015-10-08 11:59:17,ANSWERED
2015-10-08 12:22:49,ANSWERED
2015-10-08 12:32:28,ANSWERED
2015-10-08 12:36:25,ANSWERED
2015-10-08 12:32:51,ANSWERED
2015-10-08 13:02:04,ANSWERED
2015-10-08 14:12:07,ANSWERED
2015-10-08 14:17:18,ANSWERED
2015-10-08 14:16:59,ANSWERED
2015-10-08 14:29:25,ANSWERED
2015-10-08 14:37:24,ANSWERED
2015-10-08 14:40:02,ANSWERED
2015-10-08 14:43:05,NO ANSWER
2015-10-08 14:42:46,ANSWERED
2015-10-08 14:44:07,ANSWERED
2015-10-08 15:02:24,ANSWERED
2015-10-08 15:04:44,NO ANSWER
2015-10-08 15:08:45,ANSWERED
2015-10-08 15:20:36,NO ANSWER
2015-10-08 15:25:20,NO ANSWER
2015-10-08 15:25:06,ANSWERED
2015-10-08 15:39:14,ANSWERED
2015-10-08 15:40:40,ANSWERED
2015-10-08 15:49:19,ANSWERED
2015-10-08 16:23:28,ANSWERED
2015-10-08 16:39:15,ANSWERED
2015-10-08 17:23:13,ANSWERED
2015-10-08 17:31:51,ANSWERED
2015-10-08 19:09:10,ANSWERED
2015-10-09 07:58:01,ANSWERED
2015-10-09 09:23:16,ANSWERED
2015-10-09 10:17:08,ANSWERED
2015-10-09 10:59:05,ANSWERED
2015-10-09 11:13:45,ANSWERED
2015-10-09 11:22:23,ANSWERED
2015-10-09 11:56:25,NO ANSWER
2015-10-09 11:57:36,NO ANSWER
2015-10-09 12:01:27,ANSWERED
2015-10-09 12:01:54,NO ANSWER
2015-10-09 11:55:34,ANSWERED
2015-10-09 12:03:26,NO ANSWER
2015-10-09 12:04:21,NO ANSWER
2015-10-09 12:05:20,NO ANSWER
2015-10-09 12:04:30,NO ANSWER
2015-10-09 12:04:03,ANSWERED
2015-10-09 12:06:04,NO ANSWER
2015-10-09 12:06:39,NO ANSWER
2015-10-09 12:05:45,ANSWERED
2015-10-09 12:07:34,NO ANSWER
2015-10-09 12:07:45,NO ANSWER
2015-10-09 12:07:59,NO ANSWER
2015-10-09 12:08:26,NO ANSWER
2015-10-09 12:09:04,NO ANSWER
2015-10-09 12:08:38,NO ANSWER
2015-10-09 12:01:23,ANSWERED
2015-10-09 12:09:53,ANSWERED
2015-10-09 12:11:01,NO ANSWER
2015-10-09 12:02:32,ANSWERED
2015-10-09 12:16:54,ANSWERED
2015-10-09 12:21:23,ANSWERED
2015-10-09 12:38:02,ANSWERED
2015-10-09 12:42:47,ANSWERED
2015-10-09 12:44:00,ANSWERED
2015-10-09 12:42:32,ANSWERED
2015-10-09 12:58:56,ANSWERED
2015-10-09 13:05:48,ANSWERED
2015-10-09 13:17:15,ANSWERED
2015-10-09 13:35:37,ANSWERED
2015-10-09 13:44:06,ANSWERED
2015-10-09 13:56:38,ANSWERED
2015-10-09 14:16:56,ANSWERED
2015-10-09 14:14:36,ANSWERED
2015-10-09 14:17:34,ANSWERED
2015-10-09 14:41:50,ANSWERED
2015-10-09 14:42:47,ANSWERED
2015-10-09 15:00:38,ANSWERED
2015-10-09 15:28:53,ANSWERED
2015-10-09 15:39:40,ANSWERED
2015-10-09 15:40:24,ANSWERED
2015-10-09 15:59:28,NO ANSWER
2015-10-09 16:00:03,NO ANSWER
2015-10-09 15:54:27,ANSWERED
2015-10-09 16:02:06,ANSWERED
2015-10-09 16:10:31,ANSWERED
2015-10-09 16:14:40,ANSWERED
2015-10-09 16:16:46,ANSWERED
2015-10-09 16:39:49,ANSWERED
2015-10-09 16:37:07,ANSWERED
2015-10-09 16:50:11,ANSWERED
2015-10-09 16:44:33,ANSWERED
2015-10-09 17:06:20,ANSWERED
2015-10-09 17:16:00,ANSWERED
2015-10-09 17:37:53,ANSWERED
2015-10-09 17:45:56,ANSWERED
2015-10-09 17:51:28,NO ANSWER
2015-10-09 18:13:41,ANSWERED
2015-10-09 19:51:59,ANSWERED
2015-10-09 20:32:04,ANSWERED
2015-10-09 20:59:41,NO ANSWER
2015-10-09 21:01:26,NO ANSWER
2015-10-10 09:15:53,ANSWERED
2015-10-10 09:27:22,ANSWERED
2015-10-10 09:53:45,ANSWERED
2015-10-10 10:03:47,ANSWERED
2015-10-10 10:28:35,NO ANSWER
2015-10-10 10:30:23,NO ANSWER
2015-10-10 10:31:54,NO ANSWER
2015-10-10 10:33:48,NO ANSWER
2015-10-10 10:37:58,NO ANSWER
2015-10-10 10:36:40,ANSWERED
2015-10-10 10:44:23,ANSWERED
2015-10-10 11:08:53,NO ANSWER
2015-10-10 11:12:32,ANSWERED
2015-10-10 11:18:38,NO ANSWER
2015-10-10 11:19:19,NO ANSWER
2015-10-10 11:24:58,ANSWERED
2015-10-10 11:25:59,ANSWERED
2015-10-10 11:37:08,NO ANSWER
2015-10-10 11:39:13,ANSWERED
2015-10-10 11:38:13,ANSWERED
2015-10-10 11:52:02,NO ANSWER
2015-10-10 11:53:41,ANSWERED
2015-10-10 11:56:25,ANSWERED
2015-10-10 12:06:56,NO ANSWER
2015-10-10 12:15:35,NO ANSWER
2015-10-10 12:15:36,ANSWERED
2015-10-10 12:21:22,ANSWERED
2015-10-10 12:36:28,ANSWERED
2015-10-10 13:09:10,NO ANSWER
2015-10-10 13:12:45,NO ANSWER
2015-10-10 13:18:59,NO ANSWER
2015-10-10 13:18:56,NO ANSWER
2015-10-10 13:22:27,NO ANSWER
2015-10-10 13:19:24,ANSWERED
2015-10-10 13:21:47,ANSWERED
2015-10-10 13:28:26,ANSWERED
2015-10-10 13:28:21,ANSWERED
2015-10-10 13:55:16,ANSWERED
2015-10-10 14:00:41,ANSWERED
2015-10-10 14:03:39,NO ANSWER
2015-10-10 14:10:53,ANSWERED
2015-10-10 16:30:06,ANSWERED
2015-10-10 16:54:07,ANSWERED
2015-10-10 17:20:40,NO ANSWER
2015-10-10 17:24:02,NO ANSWER
2015-10-10 17:25:52,ANSWERED
2015-10-10 17:35:01,NO ANSWER
2015-10-10 17:36:42,ANSWERED
2015-10-10 17:46:33,ANSWERED
2015-10-10 18:03:26,NO ANSWER
2015-10-10 18:08:09,NO ANSWER
2015-10-10 18:07:23,NO ANSWER
2015-10-10 17:55:38,ANSWERED
2015-10-10 18:29:47,ANSWERED
2015-10-10 18:42:37,NO ANSWER
2015-10-10 18:45:40,ANSWERED
2015-10-10 19:01:59,NO ANSWER
2015-10-10 19:05:15,ANSWERED
2015-10-10 19:22:20,NO ANSWER
2015-10-10 19:24:09,NO ANSWER
2015-10-10 20:43:36,ANSWERED
2015-10-11 10:50:32,ANSWERED
2015-10-11 11:18:01,ANSWERED
2015-10-11 11:34:00,ANSWERED
2015-10-11 13:48:03,ANSWERED
2015-10-11 13:49:38,ANSWERED
2015-10-11 14:14:21,ANSWERED
2015-10-11 14:35:27,ANSWERED
2015-10-11 18:49:39,ANSWERED
2015-10-12 09:47:06,NO ANSWER
2015-10-12 10:38:37,ANSWERED
2015-10-12 10:52:55,NO ANSWER
2015-10-12 11:09:35,ANSWERED
2015-10-12 11:36:48,ANSWERED
2015-10-12 12:16:45,ANSWERED
2015-10-12 12:59:47,ANSWERED
2015-10-12 13:11:58,ANSWERED
2015-10-12 13:12:45,ANSWERED
2015-10-12 13:34:37,ANSWERED
2015-10-12 13:45:43,ANSWERED
2015-10-12 14:18:53,ANSWERED
2015-10-12 16:16:29,ANSWERED
2015-10-12 16:54:48,ANSWERED
2015-10-13 06:41:51,NO ANSWER
2015-10-13 06:46:36,NO ANSWER
2015-10-13 07:42:36,ANSWERED
2015-10-13 07:50:59,ANSWERED
2015-10-13 08:12:20,ANSWERED
2015-10-13 08:34:07,ANSWERED
2015-10-13 08:35:47,ANSWERED
2015-10-13 08:36:18,ANSWERED
2015-10-13 08:57:09,ANSWERED
2015-10-13 09:18:01,ANSWERED
2015-10-13 09:26:57,ANSWERED
2015-10-13 10:03:29,ANSWERED
2015-10-13 10:04:28,ANSWERED
2015-10-13 10:09:40,ANSWERED
2015-10-13 10:05:28,ANSWERED
2015-10-13 10:27:16,NO ANSWER
2015-10-13 10:25:23,ANSWERED
2015-10-13 10:31:14,ANSWERED
2015-10-13 10:37:28,ANSWERED
2015-10-13 10:36:30,ANSWERED
2015-10-13 10:44:01,ANSWERED
2015-10-13 10:16:28,ANSWERED
2015-10-13 10:53:09,ANSWERED
2015-10-13 11:00:52,ANSWERED
2015-10-13 11:01:57,ANSWERED
2015-10-13 11:07:06,ANSWERED
2015-10-13 11:11:44,ANSWERED
2015-10-13 11:20:09,ANSWERED
2015-10-13 11:23:31,NO ANSWER
2015-10-13 11:26:42,ANSWERED
2015-10-13 11:22:11,ANSWERED
2015-10-13 11:40:18,ANSWERED
2015-10-13 11:41:16,ANSWERED
2015-10-13 12:04:55,ANSWERED
2015-10-13 12:06:48,ANSWERED
2015-10-13 12:28:22,ANSWERED
2015-10-13 12:50:36,ANSWERED
2015-10-13 13:13:41,ANSWERED
2015-10-13 13:17:39,ANSWERED
2015-10-13 14:02:07,NO ANSWER
2015-10-13 14:09:19,NO ANSWER
2015-10-13 14:41:02,ANSWERED
2015-10-13 14:48:07,ANSWERED
2015-10-13 15:32:58,ANSWERED
2015-10-13 15:37:35,ANSWERED
2015-10-13 15:39:24,ANSWERED
2015-10-13 16:00:25,ANSWERED
2015-10-13 16:46:24,ANSWERED
2015-10-13 16:48:32,NO ANSWER
2015-10-13 16:52:39,ANSWERED
2015-10-13 16:56:53,ANSWERED
2015-10-13 17:06:37,NO ANSWER
2015-10-13 17:09:03,NO ANSWER
2015-10-13 17:07:59,ANSWERED
2015-10-13 17:29:53,ANSWERED
2015-10-14 07:29:59,ANSWERED
2015-10-14 07:37:49,ANSWERED
2015-10-14 07:53:02,ANSWERED
2015-10-14 07:55:16,ANSWERED
2015-10-14 07:58:21,ANSWERED
2015-10-14 07:59:58,NO ANSWER
2015-10-14 08:10:47,ANSWERED
2015-10-14 08:16:51,ANSWERED
2015-10-14 08:26:15,ANSWERED
2015-10-14 08:55:44,NO ANSWER
2015-10-14 09:23:22,ANSWERED
2015-10-14 09:31:39,ANSWERED
2015-10-14 09:52:08,ANSWERED
2015-10-14 09:53:34,ANSWERED
2015-10-14 09:59:11,ANSWERED
2015-10-14 10:17:49,ANSWERED
2015-10-14 10:20:29,ANSWERED
2015-10-14 10:23:39,ANSWERED
2015-10-14 10:53:11,ANSWERED
2015-10-14 11:16:27,ANSWERED
2015-10-14 11:16:36,ANSWERED
2015-10-14 10:59:43,ANSWERED
2015-10-14 11:21:34,ANSWERED
2015-10-14 11:33:43,ANSWERED
2015-10-14 11:37:56,NO ANSWER
2015-10-14 11:39:59,NO ANSWER
2015-10-14 11:05:51,ANSWERED
2015-10-14 11:50:46,NO ANSWER
2015-10-14 12:01:08,ANSWERED
2015-10-14 12:02:08,ANSWERED
2015-10-14 12:02:16,ANSWERED
2015-10-14 12:10:51,ANSWERED
2015-10-14 12:03:12,ANSWERED
2015-10-14 12:48:00,ANSWERED
2015-10-14 13:47:22,ANSWERED
2015-10-14 14:41:05,ANSWERED
2015-10-14 14:43:05,ANSWERED
2015-10-14 14:46:02,ANSWERED
2015-10-14 14:55:22,ANSWERED
2015-10-14 14:57:07,NO ANSWER
2015-10-14 14:59:45,NO ANSWER
2015-10-14 15:02:46,NO ANSWER
2015-10-14 15:02:12,NO ANSWER
2015-10-14 15:12:19,ANSWERED
2015-10-14 15:35:22,NO ANSWER
2015-10-14 15:47:06,NO ANSWER
2015-10-14 15:48:40,NO ANSWER
2015-10-14 15:48:30,NO ANSWER
2015-10-14 15:55:09,NO ANSWER
2015-10-14 15:58:20,ANSWERED
2015-10-14 15:59:33,ANSWERED
2015-10-14 16:07:33,ANSWERED
2015-10-14 16:36:23,ANSWERED
2015-10-14 19:39:55,ANSWERED
2015-10-14 19:52:12,ANSWERED
2015-10-14 20:37:58,ANSWERED
2015-10-14 20:39:21,ANSWERED
2015-10-14 20:58:23,ANSWERED
2015-10-15 07:17:25,NO ANSWER
2015-10-15 07:23:16,NO ANSWER
2015-10-15 07:27:29,ANSWERED
2015-10-15 07:33:03,NO ANSWER
2015-10-15 07:33:43,NO ANSWER
2015-10-15 07:35:55,NO ANSWER
2015-10-15 07:36:20,NO ANSWER
2015-10-15 07:39:07,ANSWERED
2015-10-15 08:32:17,ANSWERED
2015-10-15 09:32:27,ANSWERED
2015-10-15 10:04:53,NO ANSWER
2015-10-15 10:05:28,NO ANSWER
2015-10-15 10:06:09,NO ANSWER
2015-10-15 10:08:01,ANSWERED
2015-10-15 10:18:12,NO ANSWER
2015-10-15 10:19:08,NO ANSWER
2015-10-15 10:16:43,ANSWERED
2015-10-15 10:19:59,NO ANSWER
2015-10-15 10:21:03,NO ANSWER
2015-10-15 10:21:12,NO ANSWER
2015-10-15 10:30:04,ANSWERED
2015-10-15 10:40:00,ANSWERED
2015-10-15 10:48:18,NO ANSWER
2015-10-15 10:59:55,ANSWERED
2015-10-15 11:26:40,ANSWERED
2015-10-15 11:33:41,ANSWERED
2015-10-15 11:44:15,ANSWERED
2015-10-15 12:05:16,ANSWERED
2015-10-15 12:09:46,ANSWERED
2015-10-15 13:15:15,ANSWERED
2015-10-15 13:25:07,ANSWERED
2015-10-15 13:25:49,ANSWERED
2015-10-15 13:47:09,ANSWERED
2015-10-15 13:54:18,ANSWERED
2015-10-15 13:57:01,ANSWERED
2015-10-15 13:59:11,ANSWERED
2015-10-15 14:05:44,ANSWERED
2015-10-15 14:20:46,ANSWERED
2015-10-15 14:33:35,NO ANSWER
2015-10-15 14:35:11,ANSWERED
2015-10-15 14:45:40,ANSWERED
2015-10-15 14:49:08,ANSWERED
2015-10-15 14:55:17,ANSWERED
2015-10-15 14:55:54,ANSWERED
2015-10-15 14:56:54,ANSWERED
2015-10-15 15:12:16,ANSWERED
2015-10-15 16:05:35,ANSWERED
2015-10-15 16:19:25,ANSWERED
2015-10-15 17:10:36,ANSWERED
2015-10-15 17:28:17,ANSWERED
2015-10-15 18:10:27,ANSWERED
2015-10-15 18:58:30,ANSWERED
2015-10-16 07:24:40,ANSWERED
2015-10-16 07:33:30,ANSWERED
2015-10-16 07:42:43,ANSWERED
2015-10-16 08:09:57,ANSWERED
2015-10-16 08:38:23,ANSWERED
2015-10-16 08:45:19,ANSWERED
2015-10-16 09:02:26,ANSWERED
2015-10-16 09:19:27,ANSWERED
2015-10-16 09:29:48,ANSWERED
2015-10-16 09:48:00,NO ANSWER
2015-10-16 09:52:56,ANSWERED
2015-10-16 09:59:23,ANSWERED
2015-10-16 10:00:24,ANSWERED
2015-10-16 10:01:39,ANSWERED
2015-10-16 10:10:01,NO ANSWER
2015-10-16 10:10:14,ANSWERED
2015-10-16 10:12:43,ANSWERED
2015-10-16 10:15:02,NO ANSWER
2015-10-16 10:14:28,ANSWERED
2015-10-16 10:19:58,NO ANSWER
2015-10-16 10:20:24,NO ANSWER
2015-10-16 10:22:40,NO ANSWER
2015-10-16 10:22:15,ANSWERED
2015-10-16 10:37:52,NO ANSWER
2015-10-16 10:33:14,ANSWERED
2015-10-16 10:43:36,ANSWERED
2015-10-16 11:10:11,NO ANSWER
2015-10-16 11:09:27,ANSWERED
2015-10-16 11:10:54,ANSWERED
2015-10-16 11:14:02,NO ANSWER
2015-10-16 11:14:11,NO ANSWER
2015-10-16 11:14:20,NO ANSWER
2015-10-16 11:18:33,ANSWERED
2015-10-16 11:23:35,ANSWERED
2015-10-16 11:21:37,ANSWERED
2015-10-16 11:32:49,NO ANSWER
2015-10-16 11:35:13,ANSWERED
2015-10-16 11:46:29,ANSWERED
2015-10-16 11:28:08,ANSWERED
2015-10-16 12:06:03,ANSWERED
2015-10-16 12:14:52,ANSWERED
2015-10-16 12:21:37,ANSWERED
2015-10-16 12:50:51,ANSWERED
2015-10-16 12:51:48,ANSWERED
2015-10-16 12:53:17,ANSWERED
2015-10-16 12:54:50,ANSWERED
2015-10-16 12:55:33,ANSWERED
2015-10-16 13:13:56,NO ANSWER
2015-10-16 13:53:39,NO ANSWER
2015-10-16 13:54:31,NO ANSWER
2015-10-16 14:42:51,NO ANSWER
2015-10-16 15:22:17,NO ANSWER
2015-10-16 15:24:26,NO ANSWER
2015-10-16 15:25:45,NO ANSWER
2015-10-16 15:46:36,ANSWERED
2015-10-16 15:46:54,ANSWERED
2015-10-16 15:49:10,NO ANSWER
2015-10-16 15:48:38,ANSWERED
2015-10-16 15:57:03,ANSWERED
2015-10-16 15:58:47,ANSWERED
2015-10-16 16:45:00,ANSWERED
2015-10-16 16:55:40,ANSWERED
2015-10-16 17:03:44,ANSWERED
2015-10-16 17:04:11,ANSWERED
2015-10-16 17:15:50,ANSWERED
2015-10-16 17:58:46,ANSWERED
2015-10-16 18:24:44,ANSWERED
2015-10-16 18:28:23,ANSWERED
2015-10-16 18:42:20,ANSWERED
2015-10-16 18:44:59,ANSWERED
2015-10-16 19:31:36,ANSWERED
2015-10-17 07:11:50,ANSWERED
2015-10-17 10:58:09,ANSWERED
2015-10-17 11:09:24,ANSWERED
2015-10-17 11:18:38,ANSWERED
2015-10-17 12:56:06,ANSWERED
2015-10-17 13:31:50,ANSWERED
2015-10-17 14:28:04,ANSWERED
2015-10-17 15:11:24,ANSWERED
2015-10-17 17:03:27,ANSWERED
2015-10-17 17:08:04,NO ANSWER
2015-10-17 17:54:07,ANSWERED
2015-10-17 18:54:11,ANSWERED
2015-10-17 21:20:07,NO ANSWER
2015-10-18 07:12:22,NO ANSWER
2015-10-18 08:47:45,NO ANSWER
2015-10-18 11:56:41,NO ANSWER
2015-10-18 12:04:41,ANSWERED
2015-10-18 12:10:49,ANSWERED
2015-10-18 12:14:19,ANSWERED
2015-10-18 12:17:09,NO ANSWER
2015-10-18 17:22:41,ANSWERED
2015-10-18 18:44:27,ANSWERED
2015-10-18 18:59:08,ANSWERED
2015-10-18 19:10:56,ANSWERED
2015-10-19 06:17:53,ANSWERED
2015-10-19 07:09:29,ANSWERED
2015-10-19 10:14:00,ANSWERED
2015-10-19 10:16:21,NO ANSWER
2015-10-19 11:06:26,ANSWERED
2015-10-19 11:39:24,ANSWERED
2015-10-19 11:44:48,ANSWERED
2015-10-19 11:46:22,ANSWERED
2015-10-19 11:48:13,ANSWERED
2015-10-19 12:01:35,NO ANSWER
2015-10-19 12:02:10,NO ANSWER
2015-10-19 12:14:23,NO ANSWER
2015-10-19 12:16:25,NO ANSWER
2015-10-19 12:16:52,ANSWERED
2015-10-19 12:17:28,ANSWERED
2015-10-19 12:18:06,NO ANSWER
2015-10-19 12:17:50,NO ANSWER
2015-10-19 12:19:05,NO ANSWER
2015-10-19 12:00:55,ANSWERED
2015-10-19 12:22:41,ANSWERED
2015-10-19 12:34:41,ANSWERED
2015-10-19 13:10:33,ANSWERED
2015-10-19 13:09:05,ANSWERED
2015-10-19 13:26:03,ANSWERED
2015-10-19 13:40:44,ANSWERED
2015-10-19 13:50:56,ANSWERED
2015-10-19 14:38:34,ANSWERED
2015-10-19 14:57:15,NO ANSWER
2015-10-19 14:56:22,ANSWERED
2015-10-19 15:04:45,NO ANSWER
2015-10-19 15:06:59,ANSWERED
2015-10-19 15:11:22,ANSWERED
2015-10-19 15:17:33,ANSWERED
2015-10-19 15:39:42,ANSWERED
2015-10-19 15:48:45,ANSWERED
2015-10-19 15:57:47,ANSWERED
2015-10-19 16:14:48,ANSWERED
2015-10-19 16:20:19,ANSWERED
2015-10-19 16:21:22,NO ANSWER
2015-10-19 16:30:02,NO ANSWER
2015-10-19 16:32:23,ANSWERED
2015-10-19 16:42:38,ANSWERED
2015-10-19 16:47:40,NO ANSWER
2015-10-19 16:47:27,ANSWERED
2015-10-19 16:49:59,ANSWERED
2015-10-19 16:51:29,NO ANSWER
2015-10-19 17:01:26,NO ANSWER
2015-10-19 17:04:57,ANSWERED
2015-10-19 17:25:09,ANSWERED
2015-10-19 17:35:15,ANSWERED
2015-10-19 17:39:39,ANSWERED
2015-10-19 18:00:33,ANSWERED
2015-10-19 18:25:27,ANSWERED
2015-10-19 18:43:25,ANSWERED
2015-10-19 18:55:06,ANSWERED
2015-10-20 06:35:52,ANSWERED
2015-10-20 07:06:47,ANSWERED
2015-10-20 07:22:04,ANSWERED
2015-10-20 07:40:37,ANSWERED
2015-10-20 07:51:03,ANSWERED
2015-10-20 08:01:33,NO ANSWER
2015-10-20 08:27:13,ANSWERED
2015-10-20 07:51:30,ANSWERED
2015-10-20 08:31:37,ANSWERED
2015-10-20 10:00:12,ANSWERED
2015-10-20 10:09:04,ANSWERED
2015-10-20 10:10:38,ANSWERED
2015-10-20 10:15:10,ANSWERED
2015-10-20 10:21:31,ANSWERED
2015-10-20 10:37:39,NO ANSWER
2015-10-20 10:34:21,ANSWERED
2015-10-20 10:38:52,ANSWERED
2015-10-20 10:50:31,ANSWERED
2015-10-20 10:50:36,ANSWERED
2015-10-20 11:00:31,ANSWERED
2015-10-20 10:59:27,ANSWERED
2015-10-20 11:09:56,ANSWERED
2015-10-20 11:19:19,ANSWERED
2015-10-20 11:31:02,ANSWERED
2015-10-20 11:35:05,ANSWERED
2015-10-20 11:39:51,ANSWERED
2015-10-20 11:44:35,ANSWERED
2015-10-20 12:12:06,NO ANSWER
2015-10-20 12:12:02,ANSWERED
2015-10-20 11:58:12,ANSWERED
2015-10-20 12:18:17,ANSWERED
2015-10-20 12:38:41,ANSWERED
2015-10-20 12:45:46,NO ANSWER
2015-10-20 12:47:37,NO ANSWER
2015-10-20 12:49:37,NO ANSWER
2015-10-20 12:47:06,ANSWERED
2015-10-20 12:59:23,ANSWERED
2015-10-20 13:01:57,ANSWERED
2015-10-20 13:05:08,NO ANSWER
2015-10-20 13:10:00,ANSWERED
2015-10-20 13:36:09,ANSWERED
2015-10-20 13:55:41,ANSWERED
2015-10-20 14:00:31,ANSWERED
2015-10-20 14:02:14,NO ANSWER
2015-10-20 14:02:14,ANSWERED
2015-10-20 14:14:30,NO ANSWER
2015-10-20 14:18:21,NO ANSWER
2015-10-20 14:17:55,ANSWERED
2015-10-20 14:21:34,NO ANSWER
2015-10-20 14:32:30,ANSWERED
2015-10-20 14:36:53,ANSWERED
2015-10-20 14:39:40,NO ANSWER
2015-10-20 14:40:09,NO ANSWER
2015-10-20 14:41:34,NO ANSWER
2015-10-20 14:41:09,ANSWERED
2015-10-20 14:49:13,NO ANSWER
2015-10-20 14:49:24,NO ANSWER
2015-10-20 14:50:27,NO ANSWER
2015-10-20 15:00:05,NO ANSWER
2015-10-20 15:01:12,NO ANSWER
2015-10-20 15:03:04,ANSWERED
2015-10-20 15:29:58,ANSWERED
2015-10-20 15:38:28,ANSWERED
2015-10-20 15:55:47,ANSWERED
2015-10-20 16:39:18,ANSWERED
2015-10-20 16:40:44,ANSWERED
2015-10-20 16:43:27,ANSWERED
2015-10-20 16:46:37,ANSWERED
2015-10-20 16:58:55,ANSWERED
2015-10-20 17:52:07,ANSWERED
2015-10-20 19:05:22,NO ANSWER
2015-10-20 19:24:47,ANSWERED
2015-10-20 19:12:37,ANSWERED
2015-10-20 20:08:11,ANSWERED
2015-10-20 20:22:41,ANSWERED
2015-10-21 07:06:18,ANSWERED
2015-10-21 07:04:42,ANSWERED
2015-10-21 07:21:53,ANSWERED
2015-10-21 07:23:34,ANSWERED
2015-10-21 07:26:29,ANSWERED
2015-10-21 07:26:48,ANSWERED
2015-10-21 07:28:21,ANSWERED
2015-10-21 07:29:28,ANSWERED
2015-10-21 07:34:57,ANSWERED
2015-10-21 07:44:11,ANSWERED
2015-10-21 07:45:26,ANSWERED
2015-10-21 08:09:51,ANSWERED
2015-10-21 08:25:51,NO ANSWER
2015-10-21 09:16:19,ANSWERED
2015-10-21 09:16:52,ANSWERED
2015-10-21 09:23:47,ANSWERED
2015-10-21 09:28:07,ANSWERED
2015-10-21 09:39:41,ANSWERED
2015-10-21 09:45:18,ANSWERED
2015-10-21 09:52:39,ANSWERED
2015-10-21 09:57:47,ANSWERED
2015-10-21 10:01:29,ANSWERED
2015-10-21 10:02:38,ANSWERED
2015-10-21 10:03:19,NO ANSWER
2015-10-21 10:08:44,ANSWERED
2015-10-21 10:11:55,NO ANSWER
2015-10-21 10:10:13,ANSWERED
2015-10-21 10:15:55,NO ANSWER
2015-10-21 10:17:58,NO ANSWER
2015-10-21 10:32:52,NO ANSWER
2015-10-21 10:34:23,NO ANSWER
2015-10-21 10:39:34,ANSWERED
2015-10-21 10:47:20,NO ANSWER
2015-10-21 10:48:21,NO ANSWER
2015-10-21 10:50:06,NO ANSWER
2015-10-21 10:56:04,NO ANSWER
2015-10-21 10:59:22,NO ANSWER
2015-10-21 10:59:49,NO ANSWER
2015-10-21 11:02:56,NO ANSWER
2015-10-21 11:04:02,NO ANSWER
2015-10-21 11:04:49,NO ANSWER
2015-10-21 11:04:19,NO ANSWER
2015-10-21 11:09:26,NO ANSWER
2015-10-21 10:22:42,ANSWERED
2015-10-21 11:11:49,ANSWERED
2015-10-21 11:12:37,NO ANSWER
2015-10-21 11:12:40,NO ANSWER
2015-10-21 11:15:33,ANSWERED
2015-10-21 11:19:24,NO ANSWER
2015-10-21 11:21:31,NO ANSWER
2015-10-21 11:22:10,NO ANSWER
2015-10-21 11:34:08,ANSWERED
2015-10-21 11:36:39,NO ANSWER
2015-10-21 11:43:32,NO ANSWER
2015-10-21 11:48:05,NO ANSWER
2015-10-21 11:49:56,NO ANSWER
2015-10-21 12:02:58,NO ANSWER
2015-10-21 11:58:15,ANSWERED
2015-10-21 12:08:24,ANSWERED
2015-10-21 12:14:51,ANSWERED
2015-10-21 12:32:52,NO ANSWER
2015-10-21 12:31:41,ANSWERED
2015-10-21 12:47:28,ANSWERED
2015-10-21 12:52:47,NO ANSWER
2015-10-21 12:50:47,ANSWERED
2015-10-21 13:36:23,ANSWERED
2015-10-21 13:38:33,ANSWERED
2015-10-21 13:49:39,ANSWERED
2015-10-21 14:18:44,ANSWERED
2015-10-21 14:21:12,NO ANSWER
2015-10-21 14:22:11,NO ANSWER
2015-10-21 14:26:01,NO ANSWER
2015-10-21 14:16:08,ANSWERED
2015-10-21 14:31:54,ANSWERED
2015-10-21 14:36:32,ANSWERED
2015-10-21 14:45:37,ANSWERED
2015-10-21 14:48:35,ANSWERED
2015-10-21 14:54:40,NO ANSWER
2015-10-21 14:55:33,NO ANSWER
2015-10-21 14:58:10,NO ANSWER
2015-10-21 15:06:59,ANSWERED
2015-10-21 15:08:45,ANSWERED
2015-10-21 15:13:53,NO ANSWER
2015-10-21 15:09:07,ANSWERED
2015-10-21 15:31:55,ANSWERED
2015-10-21 15:29:55,ANSWERED
2015-10-21 15:46:04,NO ANSWER
2015-10-21 15:46:45,NO ANSWER
2015-10-21 15:51:40,NO ANSWER
2015-10-21 15:37:04,ANSWERED
2015-10-21 15:52:27,ANSWERED
2015-10-21 16:16:22,NO ANSWER
2015-10-21 16:10:52,ANSWERED
2015-10-21 16:40:43,ANSWERED
2015-10-21 16:51:27,NO ANSWER
2015-10-21 17:06:35,ANSWERED
2015-10-21 17:36:57,ANSWERED
2015-10-21 18:21:50,ANSWERED
2015-10-21 18:14:32,ANSWERED
2015-10-21 18:37:46,ANSWERED
2015-10-21 18:50:34,ANSWERED
2015-10-22 06:27:41,ANSWERED
2015-10-22 06:53:52,ANSWERED
2015-10-22 07:26:00,ANSWERED
2015-10-22 07:24:42,ANSWERED
2015-10-22 07:33:27,ANSWERED
2015-10-22 07:48:42,ANSWERED
2015-10-22 07:56:59,ANSWERED
2015-10-22 08:00:57,ANSWERED
2015-10-22 08:01:47,ANSWERED
2015-10-22 08:32:10,ANSWERED
2015-10-22 08:55:52,ANSWERED
2015-10-22 09:07:15,ANSWERED
2015-10-22 09:11:09,ANSWERED
2015-10-22 09:09:01,ANSWERED
2015-10-22 09:25:33,ANSWERED
2015-10-22 09:35:42,NO ANSWER
2015-10-22 09:35:39,ANSWERED
2015-10-22 09:39:34,ANSWERED
2015-10-22 09:51:31,ANSWERED
2015-10-22 09:58:52,ANSWERED
2015-10-22 10:12:41,ANSWERED
2015-10-22 10:13:34,ANSWERED
2015-10-22 10:04:54,ANSWERED
2015-10-22 10:43:42,ANSWERED
2015-10-22 11:45:18,ANSWERED
2015-10-22 11:50:22,ANSWERED
2015-10-22 11:50:54,ANSWERED
2015-10-22 12:07:01,NO ANSWER
2015-10-22 12:05:42,ANSWERED
2015-10-22 12:08:33,ANSWERED
2015-10-22 12:08:27,ANSWERED
2015-10-22 12:52:11,ANSWERED
2015-10-22 13:35:46,ANSWERED
2015-10-22 13:36:19,ANSWERED
2015-10-22 13:41:54,NO ANSWER
2015-10-22 13:49:52,ANSWERED
2015-10-22 13:50:21,ANSWERED
2015-10-22 13:50:39,ANSWERED
2015-10-22 13:54:07,ANSWERED
2015-10-22 13:56:51,ANSWERED
2015-10-22 13:57:07,ANSWERED
2015-10-22 13:58:09,ANSWERED
2015-10-22 14:13:06,ANSWERED
2015-10-22 14:23:06,ANSWERED
2015-10-22 14:27:18,ANSWERED
2015-10-22 14:38:04,ANSWERED
2015-10-22 15:05:11,ANSWERED
2015-10-22 15:21:15,ANSWERED
2015-10-22 15:25:50,ANSWERED
2015-10-22 15:41:06,NO ANSWER
2015-10-22 15:39:16,ANSWERED
2015-10-22 15:46:10,ANSWERED
2015-10-22 15:52:39,ANSWERED
2015-10-22 15:51:54,ANSWERED
2015-10-22 15:53:42,ANSWERED
2015-10-22 15:57:28,NO ANSWER
2015-10-22 15:59:12,ANSWERED
2015-10-22 16:00:30,NO ANSWER
2015-10-22 16:01:13,NO ANSWER
2015-10-22 16:00:52,NO ANSWER
2015-10-22 16:01:23,NO ANSWER
2015-10-22 16:01:56,NO ANSWER
2015-10-22 16:03:18,NO ANSWER
2015-10-22 16:04:11,NO ANSWER
2015-10-22 16:03:53,ANSWERED
2015-10-22 16:09:49,ANSWERED
2015-10-22 16:10:34,NO ANSWER
2015-10-22 16:14:31,NO ANSWER
2015-10-22 16:16:25,NO ANSWER
2015-10-22 16:15:10,ANSWERED
2015-10-22 16:18:38,NO ANSWER
2015-10-22 16:18:00,ANSWERED
2015-10-22 16:22:31,NO ANSWER
2015-10-22 16:24:47,NO ANSWER
2015-10-22 16:25:46,NO ANSWER
2015-10-22 16:28:37,NO ANSWER
2015-10-22 16:27:06,ANSWERED
2015-10-22 16:33:33,ANSWERED
2015-10-22 16:38:56,ANSWERED
2015-10-22 16:44:59,ANSWERED
2015-10-22 16:53:33,ANSWERED
2015-10-22 17:15:56,ANSWERED
2015-10-22 17:15:34,ANSWERED
2015-10-22 17:19:13,ANSWERED
2015-10-22 17:24:12,ANSWERED
2015-10-22 17:19:36,ANSWERED
2015-10-22 17:30:12,ANSWERED
2015-10-22 17:49:39,ANSWERED
2015-10-22 17:56:00,ANSWERED
2015-10-22 18:09:03,ANSWERED
2015-10-22 18:10:34,NO ANSWER
2015-10-22 18:10:23,ANSWERED
2015-10-22 18:12:42,ANSWERED
2015-10-22 18:17:35,NO ANSWER
2015-10-22 18:14:52,ANSWERED
2015-10-22 18:30:26,ANSWERED
2015-10-22 18:33:41,ANSWERED
2015-10-22 18:39:45,ANSWERED
2015-10-22 18:40:54,ANSWERED
2015-10-22 18:46:47,ANSWERED
2015-10-22 18:53:49,ANSWERED
2015-10-22 18:56:02,ANSWERED
2015-10-22 19:35:17,ANSWERED
2015-10-22 19:44:54,ANSWERED
2015-10-22 20:35:18,ANSWERED
2015-10-23 07:14:44,ANSWERED
2015-10-23 07:22:12,ANSWERED
2015-10-23 07:39:23,ANSWERED
2015-10-23 07:56:00,ANSWERED
2015-10-23 08:06:15,ANSWERED
2015-10-23 08:09:53,ANSWERED
2015-10-23 08:14:10,ANSWERED
2015-10-23 08:59:57,NO ANSWER
2015-10-23 08:41:40,ANSWERED
2015-10-23 09:03:07,NO ANSWER
2015-10-23 09:03:47,ANSWERED
2015-10-23 09:40:12,ANSWERED
2015-10-23 10:02:09,ANSWERED
2015-10-23 09:59:27,ANSWERED
2015-10-23 10:09:10,ANSWERED
2015-10-23 10:12:41,NO ANSWER
2015-10-23 10:14:44,NO ANSWER
2015-10-23 10:14:51,ANSWERED
2015-10-23 10:14:06,ANSWERED
2015-10-23 10:20:01,ANSWERED
2015-10-23 10:34:16,ANSWERED
2015-10-23 10:32:31,ANSWERED
2015-10-23 10:37:38,ANSWERED
2015-10-23 10:37:25,ANSWERED
2015-10-23 10:47:46,NO ANSWER
2015-10-23 10:53:55,ANSWERED
2015-10-23 11:05:20,ANSWERED
2015-10-23 11:09:32,NO ANSWER
2015-10-23 11:08:36,NO ANSWER
2015-10-23 11:00:40,ANSWERED
2015-10-23 11:13:49,ANSWERED
2015-10-23 11:12:36,ANSWERED
2015-10-23 11:18:18,NO ANSWER
2015-10-23 11:25:30,ANSWERED
2015-10-23 11:29:29,NO ANSWER
2015-10-23 11:31:08,ANSWERED
2015-10-23 11:32:54,NO ANSWER
2015-10-23 11:17:11,ANSWERED
2015-10-23 11:37:32,NO ANSWER
2015-10-23 11:37:59,ANSWERED
2015-10-23 11:39:37,ANSWERED
2015-10-23 11:40:36,NO ANSWER
2015-10-23 11:40:39,ANSWERED
2015-10-23 11:39:40,ANSWERED
2015-10-23 11:52:57,NO ANSWER
2015-10-23 11:57:59,NO ANSWER
2015-10-23 12:04:21,NO ANSWER
2015-10-23 12:10:11,NO ANSWER
2015-10-23 12:10:49,ANSWERED
2015-10-23 12:21:46,NO ANSWER
2015-10-23 12:27:48,NO ANSWER
2015-10-23 12:28:39,NO ANSWER
2015-10-23 12:30:17,ANSWERED
2015-10-23 12:35:07,ANSWERED
2015-10-23 12:36:25,ANSWERED
2015-10-23 12:52:13,ANSWERED
2015-10-23 13:00:53,ANSWERED
2015-10-23 13:06:33,ANSWERED
2015-10-23 13:27:25,ANSWERED
2015-10-23 13:29:46,ANSWERED
2015-10-23 13:34:14,ANSWERED
2015-10-23 13:51:54,NO ANSWER
2015-10-23 13:53:05,NO ANSWER
2015-10-23 14:01:03,ANSWERED
2015-10-23 14:03:52,ANSWERED
2015-10-23 14:25:22,ANSWERED
2015-10-23 14:38:29,ANSWERED
2015-10-23 14:47:51,ANSWERED
2015-10-23 14:50:54,ANSWERED
2015-10-23 14:58:40,ANSWERED
2015-10-23 15:00:52,ANSWERED
2015-10-23 14:57:35,ANSWERED
2015-10-23 15:03:58,ANSWERED
2015-10-23 15:07:39,ANSWERED
2015-10-23 15:13:24,ANSWERED
2015-10-23 15:14:57,NO ANSWER
2015-10-23 15:08:19,ANSWERED
2015-10-23 15:14:35,ANSWERED
2015-10-23 15:27:17,NO ANSWER
2015-10-23 15:16:07,ANSWERED
2015-10-23 15:33:37,ANSWERED
2015-10-23 15:32:56,ANSWERED
2015-10-23 15:40:19,ANSWERED
2015-10-23 15:39:37,ANSWERED
2015-10-23 15:38:24,ANSWERED
2015-10-23 15:59:56,ANSWERED
2015-10-23 16:06:10,ANSWERED
2015-10-23 16:08:00,NO ANSWER
2015-10-23 16:03:10,ANSWERED
2015-10-23 16:06:51,ANSWERED
2015-10-23 16:08:35,ANSWERED
2015-10-23 16:12:42,ANSWERED
2015-10-23 16:32:17,NO ANSWER
2015-10-23 16:45:37,NO ANSWER
2015-10-23 16:47:40,NO ANSWER
2015-10-23 16:49:02,NO ANSWER
2015-10-23 17:02:46,ANSWERED
2015-10-23 17:33:40,NO ANSWER
2015-10-23 17:33:37,NO ANSWER
2015-10-23 17:35:39,NO ANSWER
2015-10-23 17:20:46,ANSWERED
2015-10-23 17:41:46,ANSWERED
2015-10-23 17:57:14,NO ANSWER
2015-10-23 17:50:11,ANSWERED
2015-10-23 18:34:59,ANSWERED
2015-10-23 18:39:43,ANSWERED
2015-10-23 18:44:12,ANSWERED
2015-10-23 18:54:51,ANSWERED
2015-10-23 19:00:51,ANSWERED
2015-10-23 19:10:07,ANSWERED
2015-10-23 19:13:57,ANSWERED
2015-10-23 19:10:48,ANSWERED
2015-10-23 19:14:35,ANSWERED
2015-10-23 19:40:16,ANSWERED
2015-10-23 19:49:17,ANSWERED
2015-10-23 20:16:05,NO ANSWER
2015-10-23 20:16:49,NO ANSWER
2015-10-23 20:15:00,ANSWERED
2015-10-23 20:42:51,ANSWERED
2015-10-24 07:12:14,NO ANSWER
2015-10-24 07:15:39,ANSWERED
2015-10-24 07:19:18,ANSWERED
2015-10-24 09:02:10,ANSWERED
2015-10-24 10:05:55,ANSWERED
2015-10-24 10:50:08,ANSWERED
2015-10-24 11:21:55,ANSWERED
2015-10-24 11:39:29,ANSWERED
2015-10-24 11:46:03,ANSWERED
2015-10-24 12:44:52,ANSWERED
2015-10-24 12:54:12,NO ANSWER
2015-10-24 12:56:11,ANSWERED
2015-10-24 13:20:12,ANSWERED
2015-10-24 14:26:22,ANSWERED
2015-10-24 14:42:05,ANSWERED
2015-10-24 16:28:18,ANSWERED
2015-10-24 16:38:14,ANSWERED
2015-10-24 17:01:28,ANSWERED
2015-10-24 20:15:40,ANSWERED
2015-10-25 14:25:22,ANSWERED
2015-10-25 14:32:45,ANSWERED
2015-10-25 18:24:41,ANSWERED
2015-10-26 06:49:05,NO ANSWER
2015-10-26 07:04:29,NO ANSWER
2015-10-26 07:07:04,NO ANSWER
2015-10-26 07:24:51,NO ANSWER
2015-10-26 07:23:56,ANSWERED
2015-10-26 07:37:10,ANSWERED
2015-10-26 07:43:22,NO ANSWER
2015-10-26 07:44:21,NO ANSWER
2015-10-26 07:49:06,ANSWERED
2015-10-26 07:52:32,ANSWERED
2015-10-26 07:58:08,ANSWERED
2015-10-26 08:36:02,ANSWERED
2015-10-26 09:09:05,ANSWERED
2015-10-26 09:32:43,ANSWERED
2015-10-26 09:54:36,NO ANSWER
2015-10-26 10:12:30,NO ANSWER
2015-10-26 10:13:34,NO ANSWER
2015-10-26 10:14:31,NO ANSWER
2015-10-26 10:18:14,NO ANSWER
2015-10-26 10:20:09,NO ANSWER
2015-10-26 10:20:12,NO ANSWER
2015-10-26 10:23:16,NO ANSWER
2015-10-26 10:26:19,NO ANSWER
2015-10-26 10:49:58,ANSWERED
2015-10-26 11:04:55,ANSWERED
2015-10-26 11:07:42,ANSWERED
2015-10-26 11:11:42,ANSWERED
2015-10-26 11:17:30,ANSWERED
2015-10-26 11:44:07,ANSWERED
2015-10-26 11:52:12,ANSWERED
2015-10-26 12:08:08,ANSWERED
2015-10-26 13:42:26,ANSWERED
2015-10-26 14:10:20,ANSWERED
2015-10-26 14:09:47,ANSWERED
2015-10-26 14:25:37,ANSWERED
2015-10-26 14:31:48,ANSWERED
2015-10-26 14:41:51,ANSWERED
2015-10-26 15:07:45,ANSWERED
2015-10-26 15:16:32,NO ANSWER
2015-10-26 15:20:02,ANSWERED
2015-10-26 15:29:18,ANSWERED
2015-10-26 15:29:19,ANSWERED
2015-10-26 15:34:56,ANSWERED
2015-10-26 15:35:34,ANSWERED
2015-10-26 15:37:18,ANSWERED
2015-10-26 15:44:58,ANSWERED
2015-10-26 16:28:53,ANSWERED
2015-10-26 16:42:11,ANSWERED
2015-10-26 16:49:18,NO ANSWER
2015-10-26 17:21:32,ANSWERED
2015-10-26 17:38:20,ANSWERED
2015-10-26 18:00:59,ANSWERED
2015-10-26 18:12:23,ANSWERED
2015-10-26 18:44:41,ANSWERED
2015-10-26 18:43:23,ANSWERED
2015-10-26 19:08:30,ANSWERED
2015-10-26 20:00:01,NO ANSWER
2015-10-27 07:32:47,ANSWERED
2015-10-27 07:47:35,NO ANSWER
2015-10-27 07:48:12,ANSWERED
2015-10-27 08:02:02,ANSWERED
2015-10-27 08:05:51,ANSWERED
2015-10-27 08:33:05,ANSWERED
2015-10-27 08:35:21,ANSWERED
2015-10-27 08:35:43,ANSWERED
2015-10-27 08:44:55,NO ANSWER
2015-10-27 09:34:28,ANSWERED
2015-10-27 09:36:25,ANSWERED
2015-10-27 10:04:56,NO ANSWER
2015-10-27 10:06:39,ANSWERED
2015-10-27 10:06:51,ANSWERED
2015-10-27 10:09:14,ANSWERED
2015-10-27 10:36:17,ANSWERED
2015-10-27 10:33:07,ANSWERED
2015-10-27 10:41:36,ANSWERED
2015-10-27 10:45:32,ANSWERED
2015-10-27 10:48:03,NO ANSWER
2015-10-27 10:49:38,NO ANSWER
2015-10-27 10:50:57,ANSWERED
2015-10-27 11:12:55,ANSWERED
2015-10-27 11:21:20,ANSWERED
2015-10-27 11:15:02,ANSWERED
2015-10-27 11:36:30,ANSWERED
2015-10-27 11:48:41,ANSWERED
2015-10-27 12:00:29,NO ANSWER
2015-10-27 12:01:06,ANSWERED
2015-10-27 12:01:15,ANSWERED
2015-10-27 12:00:17,ANSWERED
2015-10-27 12:02:28,ANSWERED
2015-10-27 12:32:10,ANSWERED
2015-10-27 12:42:30,NO ANSWER
2015-10-27 12:43:27,NO ANSWER
2015-10-27 12:44:01,NO ANSWER
2015-10-27 12:44:54,ANSWERED
2015-10-27 13:15:52,ANSWERED
2015-10-27 13:26:31,ANSWERED
2015-10-27 13:34:55,ANSWERED
2015-10-27 13:49:14,ANSWERED
2015-10-27 14:02:34,ANSWERED
2015-10-27 14:05:47,ANSWERED
2015-10-27 14:28:35,ANSWERED
2015-10-27 14:53:56,NO ANSWER
2015-10-27 14:53:16,ANSWERED
2015-10-27 15:03:23,ANSWERED
2015-10-27 15:12:30,ANSWERED
2015-10-27 15:17:37,ANSWERED
2015-10-27 15:17:55,ANSWERED
2015-10-27 15:21:53,ANSWERED
2015-10-27 15:22:49,ANSWERED
2015-10-27 15:23:18,ANSWERED
2015-10-27 15:32:03,NO ANSWER
2015-10-27 15:51:32,ANSWERED
2015-10-27 15:56:49,NO ANSWER
2015-10-27 16:15:48,ANSWERED
2015-10-27 16:21:39,NO ANSWER
2015-10-27 16:21:43,ANSWERED
2015-10-27 16:23:30,ANSWERED
2015-10-27 16:26:04,ANSWERED
2015-10-27 16:29:41,ANSWERED
2015-10-27 16:35:12,ANSWERED
2015-10-27 16:52:52,ANSWERED
2015-10-27 17:05:56,ANSWERED
2015-10-27 17:14:54,ANSWERED
2015-10-27 17:37:23,NO ANSWER
2015-10-27 17:39:24,ANSWERED
2015-10-27 17:51:32,ANSWERED
2015-10-27 18:41:49,ANSWERED
2015-10-27 18:56:58,ANSWERED
2015-10-27 20:37:53,NO ANSWER
2015-10-27 20:39:27,ANSWERED
2015-10-28 07:49:01,NO ANSWER
2015-10-28 07:55:55,NO ANSWER
2015-10-28 07:59:54,ANSWERED
2015-10-28 08:08:28,ANSWERED
2015-10-28 08:22:32,ANSWERED
2015-10-28 10:37:44,ANSWERED
2015-10-28 11:10:48,ANSWERED
2015-10-28 11:20:51,ANSWERED
2015-10-28 11:23:54,ANSWERED
2015-10-28 11:29:47,ANSWERED
2015-10-28 11:32:58,ANSWERED
2015-10-28 11:50:33,ANSWERED
2015-10-28 11:53:39,ANSWERED
2015-10-28 11:58:25,ANSWERED
2015-10-28 12:12:51,ANSWERED
2015-10-28 12:26:13,NO ANSWER
2015-10-28 12:28:51,ANSWERED
2015-10-28 12:30:05,ANSWERED
2015-10-28 13:15:24,ANSWERED
2015-10-28 14:09:29,ANSWERED
2015-10-28 14:15:25,ANSWERED
2015-10-28 15:12:32,ANSWERED
2015-10-28 15:17:17,NO ANSWER
2015-10-28 15:23:16,ANSWERED
2015-10-28 15:44:49,ANSWERED
2015-10-28 15:53:25,ANSWERED
2015-10-28 16:01:02,NO ANSWER
2015-10-28 16:02:24,NO ANSWER
2015-10-28 16:08:23,ANSWERED
2015-10-28 16:19:40,ANSWERED
2015-10-28 16:42:29,ANSWERED
2015-10-28 17:58:46,ANSWERED
2015-10-28 18:47:23,ANSWERED
2015-10-28 19:07:08,ANSWERED
2015-10-28 20:34:24,ANSWERED
2015-10-29 07:36:57,ANSWERED
2015-10-29 07:39:27,ANSWERED
2015-10-29 08:40:24,ANSWERED
2015-10-29 08:57:07,ANSWERED
2015-10-29 10:11:56,ANSWERED
2015-10-29 10:38:10,ANSWERED
2015-10-29 10:54:43,ANSWERED
2015-10-29 10:57:50,ANSWERED
2015-10-29 10:59:42,ANSWERED
2015-10-29 11:04:48,ANSWERED
2015-10-29 10:49:16,ANSWERED
2015-10-29 11:11:09,ANSWERED
2015-10-29 11:13:45,ANSWERED
2015-10-29 11:39:47,ANSWERED
2015-10-29 11:45:39,NO ANSWER
2015-10-29 11:49:48,NO ANSWER
2015-10-29 11:50:20,ANSWERED
2015-10-29 11:49:06,ANSWERED
2015-10-29 11:50:40,ANSWERED
2015-10-29 11:53:14,ANSWERED
2015-10-29 11:50:29,ANSWERED
2015-10-29 11:54:52,ANSWERED
2015-10-29 12:01:59,ANSWERED
2015-10-29 12:02:40,ANSWERED
2015-10-29 12:14:02,ANSWERED
2015-10-29 12:13:00,ANSWERED
2015-10-29 12:24:02,ANSWERED
2015-10-29 12:27:10,ANSWERED
2015-10-29 13:00:41,ANSWERED
2015-10-29 13:54:29,ANSWERED
2015-10-29 13:59:47,ANSWERED
2015-10-29 14:04:31,ANSWERED
2015-10-29 14:11:26,ANSWERED
2015-10-29 14:20:10,ANSWERED
2015-10-29 14:41:04,ANSWERED
2015-10-29 14:59:48,NO ANSWER
2015-10-29 15:10:55,NO ANSWER
2015-10-29 14:47:42,ANSWERED
2015-10-29 15:27:49,ANSWERED
2015-10-29 15:54:52,NO ANSWER
2015-10-29 15:55:26,ANSWERED
2015-10-29 15:57:54,NO ANSWER
2015-10-29 15:59:01,NO ANSWER
2015-10-29 16:05:20,ANSWERED
2015-10-29 16:15:12,ANSWERED
2015-10-29 16:07:59,ANSWERED
2015-10-29 16:26:12,NO ANSWER
2015-10-29 16:29:17,NO ANSWER
2015-10-29 16:30:13,NO ANSWER
2015-10-29 16:25:41,ANSWERED
2015-10-29 16:32:25,ANSWERED
2015-10-29 16:40:07,ANSWERED
2015-10-29 16:45:43,NO ANSWER
2015-10-29 16:46:09,NO ANSWER
2015-10-29 16:43:07,ANSWERED
2015-10-29 16:50:48,ANSWERED
2015-10-29 16:58:16,ANSWERED
2015-10-29 17:05:52,ANSWERED
2015-10-29 17:14:04,NO ANSWER
2015-10-29 17:15:43,NO ANSWER
2015-10-29 17:16:43,NO ANSWER
2015-10-29 17:38:54,ANSWERED
2015-10-29 18:15:04,ANSWERED
2015-10-29 18:39:10,ANSWERED
2015-10-29 20:10:56,ANSWERED
2015-10-29 20:09:13,ANSWERED
2015-10-29 20:26:25,ANSWERED
2015-10-30 07:09:04,ANSWERED
2015-10-30 07:12:20,ANSWERED
2015-10-30 07:17:23,ANSWERED
2015-10-30 07:52:16,ANSWERED
2015-10-30 08:07:13,ANSWERED
2015-10-30 08:10:03,ANSWERED
2015-10-30 08:15:37,ANSWERED
2015-10-30 08:16:16,ANSWERED
2015-10-30 08:18:16,ANSWERED
2015-10-30 08:20:16,ANSWERED
2015-10-30 08:25:19,ANSWERED
2015-10-30 08:29:30,ANSWERED
2015-10-30 09:27:05,ANSWERED
2015-10-30 09:44:04,ANSWERED
2015-10-30 09:49:02,NO ANSWER
2015-10-30 09:51:50,ANSWERED
2015-10-30 09:53:15,ANSWERED
2015-10-30 09:57:55,NO ANSWER
2015-10-30 10:17:44,NO ANSWER
2015-10-30 10:08:07,ANSWERED
2015-10-30 10:19:25,NO ANSWER
2015-10-30 10:21:02,ANSWERED
2015-10-30 10:34:14,ANSWERED
2015-10-30 10:49:14,ANSWERED
2015-10-30 10:52:20,ANSWERED
2015-10-30 11:22:58,NO ANSWER
2015-10-30 11:30:22,ANSWERED
2015-10-30 11:32:36,ANSWERED
2015-10-30 11:40:25,ANSWERED
2015-10-30 11:36:05,ANSWERED
2015-10-30 11:46:23,NO ANSWER
2015-10-30 11:53:41,ANSWERED
2015-10-30 11:54:24,ANSWERED
2015-10-30 11:55:56,ANSWERED
2015-10-30 12:01:48,ANSWERED
2015-10-30 12:19:54,ANSWERED
2015-10-30 13:18:05,ANSWERED
2015-10-30 13:34:59,ANSWERED
2015-10-30 13:35:42,ANSWERED
2015-10-30 13:44:42,ANSWERED
2015-10-30 14:48:40,ANSWERED
2015-10-30 14:53:51,ANSWERED
2015-10-30 14:59:15,ANSWERED
2015-10-30 15:27:19,ANSWERED
2015-10-30 15:34:18,ANSWERED
2015-10-30 15:37:56,ANSWERED
2015-10-30 15:39:00,ANSWERED
2015-10-30 15:42:33,ANSWERED
2015-10-30 16:21:11,NO ANSWER
2015-10-30 16:41:48,NO ANSWER
2015-10-30 16:58:12,ANSWERED
2015-10-30 17:03:53,ANSWERED
2015-10-30 17:29:29,ANSWERED
2015-10-30 18:30:29,ANSWERED
2015-10-30 18:54:26,ANSWERED
2015-10-30 19:46:18,ANSWERED
2015-10-30 19:49:31,ANSWERED
2015-10-30 19:45:44,ANSWERED
2015-10-30 20:30:24,ANSWERED
2015-10-30 20:54:01,ANSWERED
2015-10-30 20:56:11,ANSWERED
2015-10-30 21:33:34,ANSWERED
2015-10-30 21:47:36,ANSWERED
2015-10-30 21:59:04,ANSWERED
2015-10-31 09:34:18,ANSWERED
2015-10-31 09:58:03,ANSWERED
2015-10-31 10:07:07,ANSWERED
2015-10-31 10:53:57,NO ANSWER
2015-10-31 10:56:05,ANSWERED
2015-10-31 10:49:17,ANSWERED
2015-10-31 10:58:07,ANSWERED
2015-10-31 10:57:02,NO ANSWER
2015-10-31 11:02:06,NO ANSWER
2015-10-31 11:03:57,NO ANSWER
2015-10-31 10:55:46,ANSWERED
2015-10-31 11:04:53,NO ANSWER
2015-10-31 11:04:57,ANSWERED
2015-10-31 11:13:37,ANSWERED
2015-10-31 11:14:49,ANSWERED
2015-10-31 11:49:59,ANSWERED
2015-10-31 11:50:25,ANSWERED
2015-10-31 13:02:24,ANSWERED
2015-10-31 13:25:00,NO ANSWER
2015-10-31 13:29:36,NO ANSWER
2015-10-31 13:41:53,NO ANSWER
2015-10-31 13:47:44,NO ANSWER
2015-10-31 13:17:19,ANSWERED
2015-10-31 14:41:33,ANSWERED
2015-10-31 15:16:50,ANSWERED
2015-10-31 15:33:45,ANSWERED
2015-10-31 18:09:19,ANSWERED
2015-10-31 18:24:33,ANSWERED
2015-10-31 18:48:42,ANSWERED
2015-10-31 18:48:44,ANSWERED
2015-10-31 18:54:34,ANSWERED
2015-10-31 19:05:26,ANSWERED
2015-10-31 19:05:42,ANSWERED
