2015-09-14 11:55:08,FAILED
2015-09-09 14:46:15,NO ANSWER
2015-09-01 07:25:20,ANSWERED
2015-09-01 08:21:29,ANSWERED
2015-09-01 08:35:56,ANSWERED
2015-09-01 08:32:22,ANSWERED
2015-09-01 09:40:00,NO ANSWER
2015-09-01 09:40:53,NO ANSWER
2015-09-01 09:41:09,ANSWERED
2015-09-01 09:42:49,NO ANSWER
2015-09-01 09:42:18,ANSWERED
2015-09-01 09:53:09,ANSWERED
2015-09-01 10:03:11,NO ANSWER
2015-09-01 10:03:32,NO ANSWER
2015-09-01 10:19:39,NO ANSWER
2015-09-01 10:20:50,ANSWERED
2015-09-01 10:21:28,ANSWERED
2015-09-01 10:36:16,ANSWERED
2015-09-01 10:53:08,NO ANSWER
2015-09-01 11:03:07,ANSWERED
2015-09-01 11:16:14,ANSWERED
2015-09-01 11:38:07,ANSWERED
2015-09-01 11:42:43,ANSWERED
2015-09-01 11:53:17,ANSWERED
2015-09-01 12:10:56,ANSWERED
2015-09-01 12:11:30,NO ANSWER
2015-09-01 13:32:33,ANSWERED
2015-09-01 13:44:58,ANSWERED
2015-09-01 13:58:17,NO ANSWER
2015-09-01 15:19:04,ANSWERED
2015-09-01 15:15:32,ANSWERED
2015-09-01 15:30:22,ANSWERED
2015-09-01 15:30:25,ANSWERED
2015-09-01 16:11:00,ANSWERED
2015-09-01 15:52:30,ANSWERED
2015-09-01 16:41:06,ANSWERED
2015-09-01 16:48:03,NO ANSWER
2015-09-01 16:47:02,ANSWERED
2015-09-01 16:54:02,ANSWERED
2015-09-01 16:57:43,ANSWERED
2015-09-01 17:06:36,ANSWERED
2015-09-01 17:04:40,ANSWERED
2015-09-01 17:36:05,ANSWERED
2015-09-01 18:36:15,ANSWERED
2015-09-01 19:01:34,ANSWERED
2015-09-01 19:05:50,ANSWERED
2015-09-02 07:45:27,ANSWERED
2015-09-02 07:46:25,ANSWERED
2015-09-02 07:58:14,ANSWERED
2015-09-02 08:03:23,ANSWERED
2015-09-02 08:13:39,ANSWERED
2015-09-02 08:13:57,ANSWERED
2015-09-02 08:28:52,ANSWERED
2015-09-02 08:29:22,ANSWERED
2015-09-02 08:59:47,ANSWERED
2015-09-02 09:00:04,ANSWERED
2015-09-02 09:03:31,ANSWERED
2015-09-02 09:27:28,ANSWERED
2015-09-02 09:29:07,ANSWERED
2015-09-02 09:39:43,ANSWERED
2015-09-02 09:40:49,ANSWERED
2015-09-02 10:02:36,NO ANSWER
2015-09-02 10:08:53,ANSWERED
2015-09-02 10:12:26,ANSWERED
2015-09-02 10:22:16,ANSWERED
2015-09-02 10:23:05,ANSWERED
2015-09-02 10:25:55,NO ANSWER
2015-09-02 10:36:32,ANSWERED
2015-09-02 11:16:18,ANSWERED
2015-09-02 11:27:29,ANSWERED
2015-09-02 11:20:36,ANSWERED
2015-09-02 11:38:11,ANSWERED
2015-09-02 13:10:27,ANSWERED
2015-09-02 13:53:34,ANSWERED
2015-09-02 13:57:30,ANSWERED
2015-09-02 14:50:25,ANSWERED
2015-09-02 15:02:42,ANSWERED
2015-09-02 15:07:09,NO ANSWER
2015-09-02 15:32:39,ANSWERED
2015-09-02 15:38:50,ANSWERED
2015-09-02 15:44:26,ANSWERED
2015-09-02 16:01:25,ANSWERED
2015-09-02 16:13:23,ANSWERED
2015-09-02 16:22:34,ANSWERED
2015-09-02 16:51:08,ANSWERED
2015-09-02 16:51:32,ANSWERED
2015-09-02 17:26:47,ANSWERED
2015-09-02 18:50:41,ANSWERED
2015-09-02 18:56:29,ANSWERED
2015-09-02 18:56:59,ANSWERED
2015-09-02 19:06:11,ANSWERED
2015-09-02 19:24:45,ANSWERED
2015-09-02 19:29:21,ANSWERED
2015-09-02 19:46:28,ANSWERED
2015-09-02 19:58:09,ANSWERED
2015-09-02 20:41:40,NO ANSWER
2015-09-03 07:25:13,ANSWERED
2015-09-03 07:30:05,ANSWERED
2015-09-03 07:47:51,NO ANSWER
2015-09-03 07:47:32,NO ANSWER
2015-09-03 07:52:01,ANSWERED
2015-09-03 07:58:17,ANSWERED
2015-09-03 07:59:57,NO ANSWER
2015-09-03 08:00:18,NO ANSWER
2015-09-03 08:01:07,NO ANSWER
2015-09-03 08:22:08,NO ANSWER
2015-09-03 08:02:00,ANSWERED
2015-09-03 08:27:46,ANSWERED
2015-09-03 08:30:13,ANSWERED
2015-09-03 08:37:58,ANSWERED
2015-09-03 08:42:03,NO ANSWER
2015-09-03 08:49:09,ANSWERED
2015-09-03 08:53:44,ANSWERED
2015-09-03 09:08:46,ANSWERED
2015-09-03 09:10:26,NO ANSWER
2015-09-03 09:15:20,ANSWERED
2015-09-03 09:16:53,NO ANSWER
2015-09-03 09:17:31,NO ANSWER
2015-09-03 09:17:38,ANSWERED
2015-09-03 09:23:01,NO ANSWER
2015-09-03 09:23:16,ANSWERED
2015-09-03 09:25:22,ANSWERED
2015-09-03 09:31:24,ANSWERED
2015-09-03 09:34:42,ANSWERED
2015-09-03 09:40:04,ANSWERED
2015-09-03 09:59:15,ANSWERED
2015-09-03 10:06:35,NO ANSWER
2015-09-03 10:27:48,ANSWERED
2015-09-03 10:36:58,ANSWERED
2015-09-03 10:42:12,ANSWERED
2015-09-03 10:48:21,ANSWERED
2015-09-03 10:46:12,ANSWERED
2015-09-03 10:54:01,ANSWERED
2015-09-03 10:57:32,ANSWERED
2015-09-03 10:57:59,ANSWERED
2015-09-03 11:00:11,ANSWERED
2015-09-03 11:05:39,ANSWERED
2015-09-03 11:17:32,ANSWERED
2015-09-03 11:45:40,ANSWERED
2015-09-03 11:50:27,ANSWERED
2015-09-03 12:03:56,NO ANSWER
2015-09-03 12:10:37,NO ANSWER
2015-09-03 12:10:13,NO ANSWER
2015-09-03 12:11:06,NO ANSWER
2015-09-03 12:13:21,ANSWERED
2015-09-03 12:12:33,ANSWERED
2015-09-03 12:13:46,NO ANSWER
2015-09-03 12:14:26,NO ANSWER
2015-09-03 12:17:33,NO ANSWER
2015-09-03 12:22:30,NO ANSWER
2015-09-03 12:43:23,ANSWERED
2015-09-03 12:51:26,ANSWERED
2015-09-03 13:55:16,ANSWERED
2015-09-03 13:57:34,NO ANSWER
2015-09-03 14:28:03,ANSWERED
2015-09-03 14:34:49,ANSWERED
2015-09-03 14:46:21,ANSWERED
2015-09-03 15:13:19,ANSWERED
2015-09-03 15:37:11,ANSWERED
2015-09-03 15:41:40,ANSWERED
2015-09-03 15:53:47,ANSWERED
2015-09-03 16:11:17,ANSWERED
2015-09-03 16:11:31,ANSWERED
2015-09-03 16:12:54,ANSWERED
2015-09-03 16:15:19,ANSWERED
2015-09-03 16:30:22,ANSWERED
2015-09-03 16:27:23,ANSWERED
2015-09-03 18:00:58,ANSWERED
2015-09-03 19:40:54,ANSWERED
2015-09-03 19:55:50,ANSWERED
2015-09-03 20:16:33,NO ANSWER
2015-09-03 20:13:40,ANSWERED
2015-09-04 07:16:47,ANSWERED
2015-09-04 07:25:59,ANSWERED
2015-09-04 07:23:38,ANSWERED
2015-09-04 07:33:24,ANSWERED
2015-09-04 07:34:38,ANSWERED
2015-09-04 08:17:20,ANSWERED
2015-09-04 08:29:51,ANSWERED
2015-09-04 09:03:43,ANSWERED
2015-09-04 09:15:12,ANSWERED
2015-09-04 09:17:40,ANSWERED
2015-09-04 09:25:56,ANSWERED
2015-09-04 09:56:35,ANSWERED
2015-09-04 10:02:24,ANSWERED
2015-09-04 10:09:07,ANSWERED
2015-09-04 10:09:17,ANSWERED
2015-09-04 10:18:55,ANSWERED
2015-09-04 10:20:03,ANSWERED
2015-09-04 10:20:08,ANSWERED
2015-09-04 10:34:47,NO ANSWER
2015-09-04 10:35:44,NO ANSWER
2015-09-04 10:35:00,ANSWERED
2015-09-04 10:49:40,ANSWERED
2015-09-04 11:10:02,NO ANSWER
2015-09-04 11:06:29,ANSWERED
2015-09-04 11:23:08,ANSWERED
2015-09-04 11:27:26,ANSWERED
2015-09-04 11:30:28,ANSWERED
2015-09-04 11:39:09,ANSWERED
2015-09-04 11:57:44,ANSWERED
2015-09-04 11:59:55,NO ANSWER
2015-09-04 12:00:30,ANSWERED
2015-09-04 12:03:38,ANSWERED
2015-09-04 12:46:48,ANSWERED
2015-09-04 13:32:19,ANSWERED
2015-09-04 13:41:42,ANSWERED
2015-09-04 13:42:06,ANSWERED
2015-09-04 13:51:51,ANSWERED
2015-09-04 13:51:29,ANSWERED
2015-09-04 14:05:59,ANSWERED
2015-09-04 14:16:07,ANSWERED
2015-09-04 14:15:04,ANSWERED
2015-09-04 14:37:48,ANSWERED
2015-09-04 14:42:30,ANSWERED
2015-09-04 15:01:39,ANSWERED
2015-09-04 15:01:21,ANSWERED
2015-09-04 15:03:39,ANSWERED
2015-09-04 15:22:49,ANSWERED
2015-09-04 15:28:41,ANSWERED
2015-09-04 15:38:07,ANSWERED
2015-09-04 15:49:01,ANSWERED
2015-09-04 15:50:51,ANSWERED
2015-09-04 15:58:03,ANSWERED
2015-09-04 15:58:50,ANSWERED
2015-09-04 16:03:40,NO ANSWER
2015-09-04 16:03:11,ANSWERED
2015-09-04 16:08:17,ANSWERED
2015-09-04 16:08:33,NO ANSWER
2015-09-04 16:14:04,NO ANSWER
2015-09-04 16:18:46,NO ANSWER
2015-09-04 16:19:32,NO ANSWER
2015-09-04 16:23:16,NO ANSWER
2015-09-04 16:24:37,NO ANSWER
2015-09-04 16:29:00,ANSWERED
2015-09-04 16:29:56,ANSWERED
2015-09-04 16:25:30,ANSWERED
2015-09-04 16:35:51,ANSWERED
2015-09-04 15:39:06,ANSWERED
2015-09-04 16:50:51,ANSWERED
2015-09-04 16:51:21,ANSWERED
2015-09-04 16:59:26,NO ANSWER
2015-09-04 17:02:23,NO ANSWER
2015-09-04 17:20:50,NO ANSWER
2015-09-04 17:21:41,NO ANSWER
2015-09-04 17:25:58,NO ANSWER
2015-09-04 17:30:32,NO ANSWER
2015-09-04 17:40:17,NO ANSWER
2015-09-04 18:09:31,NO ANSWER
2015-09-04 18:12:58,NO ANSWER
2015-09-04 18:15:07,NO ANSWER
2015-09-04 18:17:27,NO ANSWER
2015-09-04 18:17:06,NO ANSWER
2015-09-04 18:21:49,NO ANSWER
2015-09-04 18:27:50,NO ANSWER
2015-09-04 18:40:37,NO ANSWER
2015-09-04 20:14:34,NO ANSWER
2015-09-04 21:09:36,NO ANSWER
2015-09-05 00:05:44,NO ANSWER
2015-09-05 07:36:12,NO ANSWER
2015-09-05 08:19:16,ANSWERED
2015-09-05 08:19:05,ANSWERED
2015-09-05 09:02:05,NO ANSWER
2015-09-05 09:01:07,NO ANSWER
2015-09-05 08:35:43,ANSWERED
2015-09-05 10:26:07,NO ANSWER
2015-09-05 10:27:30,NO ANSWER
2015-09-05 10:30:55,NO ANSWER
2015-09-05 10:33:31,NO ANSWER
2015-09-05 10:35:03,ANSWERED
2015-09-05 10:36:07,NO ANSWER
2015-09-05 10:40:28,NO ANSWER
2015-09-05 10:47:42,ANSWERED
2015-09-05 10:49:57,NO ANSWER
2015-09-05 10:50:52,ANSWERED
2015-09-05 10:54:41,NO ANSWER
2015-09-05 10:54:07,NO ANSWER
2015-09-05 10:55:02,NO ANSWER
2015-09-05 10:25:55,ANSWERED
2015-09-05 10:57:02,NO ANSWER
2015-09-05 10:59:28,ANSWERED
2015-09-05 11:09:52,ANSWERED
2015-09-05 11:13:24,NO ANSWER
2015-09-05 11:29:33,ANSWERED
2015-09-05 11:34:49,NO ANSWER
2015-09-05 11:39:55,NO ANSWER
2015-09-05 11:50:44,NO ANSWER
2015-09-05 11:35:49,ANSWERED
2015-09-05 11:51:58,NO ANSWER
2015-09-05 11:53:43,ANSWERED
2015-09-05 11:59:35,NO ANSWER
2015-09-05 12:05:39,NO ANSWER
2015-09-05 12:02:08,ANSWERED
2015-09-05 12:21:25,NO ANSWER
2015-09-05 12:22:37,ANSWERED
2015-09-05 12:56:06,NO ANSWER
2015-09-05 12:57:44,ANSWERED
2015-09-05 13:00:33,NO ANSWER
2015-09-05 12:36:30,ANSWERED
2015-09-05 13:07:48,NO ANSWER
2015-09-05 13:04:11,ANSWERED
2015-09-05 15:10:19,NO ANSWER
2015-09-05 15:18:55,NO ANSWER
2015-09-05 15:36:52,NO ANSWER
2015-09-05 15:38:52,NO ANSWER
2015-09-05 15:39:44,NO ANSWER
2015-09-05 15:53:29,NO ANSWER
2015-09-05 16:16:45,NO ANSWER
2015-09-05 16:34:52,NO ANSWER
2015-09-05 16:44:41,NO ANSWER
2015-09-05 16:43:14,ANSWERED
2015-09-05 16:46:57,ANSWERED
2015-09-05 16:48:03,NO ANSWER
2015-09-05 17:02:40,ANSWERED
2015-09-05 17:45:34,ANSWERED
2015-09-05 18:11:57,NO ANSWER
2015-09-05 19:18:36,NO ANSWER
2015-09-06 09:26:45,NO ANSWER
2015-09-06 10:54:53,NO ANSWER
2015-09-06 10:54:01,NO ANSWER
2015-09-06 11:05:48,NO ANSWER
2015-09-06 11:10:46,NO ANSWER
2015-09-06 11:22:58,NO ANSWER
2015-09-06 11:35:38,NO ANSWER
2015-09-06 11:38:10,NO ANSWER
2015-09-06 11:45:47,ANSWERED
2015-09-06 12:37:32,NO ANSWER
2015-09-06 12:47:01,NO ANSWER
2015-09-06 13:24:43,NO ANSWER
2015-09-06 13:25:45,NO ANSWER
2015-09-06 13:27:26,NO ANSWER
2015-09-06 13:28:22,NO ANSWER
2015-09-06 13:29:18,NO ANSWER
2015-09-06 13:32:06,NO ANSWER
2015-09-06 14:20:35,ANSWERED
2015-09-06 14:18:29,ANSWERED
2015-09-06 14:27:51,ANSWERED
2015-09-06 15:04:54,ANSWERED
2015-09-06 18:26:32,ANSWERED
2015-09-06 18:53:52,ANSWERED
2015-09-07 06:58:00,ANSWERED
2015-09-07 07:21:27,ANSWERED
2015-09-07 07:39:59,ANSWERED
2015-09-07 08:27:35,NO ANSWER
2015-09-07 09:26:38,ANSWERED
2015-09-07 09:54:45,ANSWERED
2015-09-07 10:02:45,ANSWERED
2015-09-07 10:24:45,NO ANSWER
2015-09-07 10:28:10,NO ANSWER
2015-09-07 10:29:34,NO ANSWER
2015-09-07 10:30:47,NO ANSWER
2015-09-07 10:22:21,ANSWERED
2015-09-07 10:33:31,NO ANSWER
2015-09-07 10:26:15,ANSWERED
2015-09-07 10:34:09,ANSWERED
2015-09-07 10:36:24,ANSWERED
2015-09-07 10:45:25,ANSWERED
2015-09-07 10:34:32,ANSWERED
2015-09-07 10:55:40,NO ANSWER
2015-09-07 11:00:50,NO ANSWER
2015-09-07 11:09:49,NO ANSWER
2015-09-07 11:09:24,ANSWERED
2015-09-07 11:24:23,NO ANSWER
2015-09-07 11:30:15,ANSWERED
2015-09-07 11:26:16,ANSWERED
2015-09-07 12:05:39,ANSWERED
2015-09-07 12:39:56,ANSWERED
2015-09-07 13:05:20,ANSWERED
2015-09-07 13:11:09,ANSWERED
2015-09-07 13:27:24,ANSWERED
2015-09-07 13:44:12,ANSWERED
2015-09-07 13:50:53,ANSWERED
2015-09-07 13:57:37,ANSWERED
2015-09-07 14:07:10,ANSWERED
2015-09-07 14:13:48,ANSWERED
2015-09-07 14:23:24,NO ANSWER
2015-09-07 14:37:13,NO ANSWER
2015-09-07 14:41:17,NO ANSWER
2015-09-07 14:38:49,ANSWERED
2015-09-07 14:43:26,NO ANSWER
2015-09-07 14:43:24,ANSWERED
2015-09-07 14:49:19,ANSWERED
2015-09-07 15:37:37,ANSWERED
2015-09-07 15:39:56,ANSWERED
2015-09-07 15:53:26,ANSWERED
2015-09-07 16:07:54,ANSWERED
2015-09-07 15:53:39,ANSWERED
2015-09-07 17:31:35,ANSWERED
2015-09-07 18:45:47,ANSWERED
2015-09-07 20:27:04,ANSWERED
2015-09-08 07:21:06,ANSWERED
2015-09-08 07:40:58,ANSWERED
2015-09-08 08:09:07,NO ANSWER
2015-09-08 08:09:24,NO ANSWER
2015-09-08 08:10:06,NO ANSWER
2015-09-08 08:14:32,ANSWERED
2015-09-08 08:17:53,ANSWERED
2015-09-08 08:29:18,ANSWERED
2015-09-08 08:38:14,ANSWERED
2015-09-08 09:21:09,NO ANSWER
2015-09-08 09:25:00,NO ANSWER
2015-09-08 09:28:08,NO ANSWER
2015-09-08 09:16:28,ANSWERED
2015-09-08 09:39:33,ANSWERED
2015-09-08 09:49:49,ANSWERED
2015-09-08 10:30:00,ANSWERED
2015-09-08 10:30:52,ANSWERED
2015-09-08 10:37:05,ANSWERED
2015-09-08 10:54:35,ANSWERED
2015-09-08 11:07:39,ANSWERED
2015-09-08 11:51:41,NO ANSWER
2015-09-08 12:08:52,ANSWERED
2015-09-08 12:12:24,ANSWERED
2015-09-08 13:09:47,ANSWERED
2015-09-08 13:15:51,ANSWERED
2015-09-08 13:42:25,ANSWERED
2015-09-08 14:09:38,ANSWERED
2015-09-08 14:07:36,ANSWERED
2015-09-08 14:13:46,ANSWERED
2015-09-08 14:15:41,ANSWERED
2015-09-08 14:25:45,ANSWERED
2015-09-08 14:21:21,ANSWERED
2015-09-08 14:59:18,ANSWERED
2015-09-08 15:09:49,ANSWERED
2015-09-08 15:40:07,ANSWERED
2015-09-08 15:49:05,ANSWERED
2015-09-08 16:20:26,ANSWERED
2015-09-08 16:43:55,ANSWERED
2015-09-08 16:58:52,ANSWERED
2015-09-08 17:00:06,ANSWERED
2015-09-08 17:55:27,ANSWERED
2015-09-08 18:16:55,ANSWERED
2015-09-08 18:53:26,ANSWERED
2015-09-08 19:04:41,ANSWERED
2015-09-08 19:29:41,ANSWERED
2015-09-08 20:31:32,ANSWERED
2015-09-09 07:17:02,ANSWERED
2015-09-09 07:20:46,ANSWERED
2015-09-09 09:33:32,ANSWERED
2015-09-09 09:41:16,ANSWERED
2015-09-09 10:08:39,ANSWERED
2015-09-09 10:24:27,ANSWERED
2015-09-09 10:26:46,ANSWERED
2015-09-09 10:29:19,NO ANSWER
2015-09-09 10:28:11,ANSWERED
2015-09-09 10:30:15,ANSWERED
2015-09-09 10:41:33,ANSWERED
2015-09-09 10:41:59,ANSWERED
2015-09-09 10:42:08,ANSWERED
2015-09-09 11:03:28,ANSWERED
2015-09-09 11:30:33,ANSWERED
2015-09-09 11:31:29,ANSWERED
2015-09-09 11:34:11,NO ANSWER
2015-09-09 11:32:10,ANSWERED
2015-09-09 11:39:04,ANSWERED
2015-09-09 11:48:11,NO ANSWER
2015-09-09 12:07:03,ANSWERED
2015-09-09 13:02:58,ANSWERED
2015-09-09 13:49:25,ANSWERED
2015-09-09 13:49:44,ANSWERED
2015-09-09 14:09:36,ANSWERED
2015-09-09 14:04:16,ANSWERED
2015-09-09 14:45:21,ANSWERED
2015-09-09 14:46:24,NO ANSWER
2015-09-09 14:33:34,ANSWERED
2015-09-09 15:07:00,NO ANSWER
2015-09-09 15:05:37,ANSWERED
2015-09-09 15:13:46,ANSWERED
2015-09-09 15:20:07,NO ANSWER
2015-09-09 15:29:33,NO ANSWER
2015-09-09 15:46:34,ANSWERED
2015-09-09 15:58:33,ANSWERED
2015-09-09 16:10:03,ANSWERED
2015-09-09 16:20:47,NO ANSWER
2015-09-09 16:20:36,NO ANSWER
2015-09-09 16:23:01,ANSWERED
2015-09-09 16:27:29,ANSWERED
2015-09-09 16:33:10,ANSWERED
2015-09-09 18:02:05,ANSWERED
2015-09-09 18:03:08,ANSWERED
2015-09-09 18:39:18,ANSWERED
2015-09-09 19:28:38,ANSWERED
2015-09-09 19:35:55,ANSWERED
2015-09-09 20:05:55,ANSWERED
2015-09-09 19:42:34,ANSWERED
2015-09-09 20:08:26,ANSWERED
2015-09-09 20:17:39,ANSWERED
2015-09-09 20:18:09,ANSWERED
2015-09-10 06:55:12,ANSWERED
2015-09-10 08:13:32,ANSWERED
2015-09-10 08:16:28,ANSWERED
2015-09-10 08:22:58,ANSWERED
2015-09-10 08:23:50,ANSWERED
2015-09-10 08:26:39,ANSWERED
2015-09-10 08:59:56,NO ANSWER
2015-09-10 09:01:47,ANSWERED
2015-09-10 09:04:27,ANSWERED
2015-09-10 09:25:23,ANSWERED
2015-09-10 09:33:59,NO ANSWER
2015-09-10 09:36:34,NO ANSWER
2015-09-10 09:36:43,NO ANSWER
2015-09-10 09:54:26,NO ANSWER
2015-09-10 09:56:27,NO ANSWER
2015-09-10 10:02:34,ANSWERED
2015-09-10 10:38:08,ANSWERED
2015-09-10 10:43:10,ANSWERED
2015-09-10 10:41:11,ANSWERED
2015-09-10 10:52:50,ANSWERED
2015-09-10 10:54:28,NO ANSWER
2015-09-10 10:57:14,ANSWERED
2015-09-10 11:16:02,ANSWERED
2015-09-10 11:47:40,ANSWERED
2015-09-10 13:27:56,ANSWERED
2015-09-10 13:42:00,ANSWERED
2015-09-10 13:50:21,ANSWERED
2015-09-10 13:56:48,ANSWERED
2015-09-10 13:57:07,ANSWERED
2015-09-10 14:07:43,NO ANSWER
2015-09-10 14:07:14,ANSWERED
2015-09-10 14:12:19,ANSWERED
2015-09-10 16:29:46,ANSWERED
2015-09-10 16:46:52,NO ANSWER
2015-09-10 16:48:06,NO ANSWER
2015-09-10 17:53:08,ANSWERED
2015-09-10 18:33:38,ANSWERED
2015-09-10 19:01:24,ANSWERED
2015-09-11 07:22:41,ANSWERED
2015-09-11 07:33:17,ANSWERED
2015-09-11 07:57:08,ANSWERED
2015-09-11 09:27:19,ANSWERED
2015-09-11 09:38:00,ANSWERED
2015-09-11 09:41:59,NO ANSWER
2015-09-11 10:10:34,ANSWERED
2015-09-11 10:11:25,ANSWERED
2015-09-11 10:14:40,ANSWERED
2015-09-11 10:13:27,ANSWERED
2015-09-11 10:17:01,ANSWERED
2015-09-11 10:17:52,ANSWERED
2015-09-11 10:17:59,ANSWERED
2015-09-11 10:35:54,ANSWERED
2015-09-11 10:38:04,ANSWERED
2015-09-11 10:43:30,ANSWERED
2015-09-11 10:47:48,ANSWERED
2015-09-11 10:50:52,ANSWERED
2015-09-11 11:12:24,NO ANSWER
2015-09-11 11:09:14,ANSWERED
2015-09-11 11:42:31,NO ANSWER
2015-09-11 11:48:09,NO ANSWER
2015-09-11 11:48:58,ANSWERED
2015-09-11 12:12:25,NO ANSWER
2015-09-11 12:35:39,NO ANSWER
2015-09-11 13:11:30,ANSWERED
2015-09-11 13:24:33,ANSWERED
2015-09-11 13:36:57,NO ANSWER
2015-09-11 13:40:44,NO ANSWER
2015-09-11 13:41:53,ANSWERED
2015-09-11 13:44:21,NO ANSWER
2015-09-11 13:52:34,ANSWERED
2015-09-11 13:57:20,ANSWERED
2015-09-11 14:20:42,ANSWERED
2015-09-11 14:37:05,ANSWERED
2015-09-11 15:16:28,ANSWERED
2015-09-11 15:22:04,ANSWERED
2015-09-11 15:37:42,ANSWERED
2015-09-11 15:39:47,ANSWERED
2015-09-11 15:43:57,NO ANSWER
2015-09-11 15:47:18,ANSWERED
2015-09-11 15:50:57,ANSWERED
2015-09-11 16:02:14,NO ANSWER
2015-09-11 15:56:00,ANSWERED
2015-09-11 16:22:04,ANSWERED
2015-09-11 16:22:57,ANSWERED
2015-09-11 16:23:50,ANSWERED
2015-09-11 16:29:38,NO ANSWER
2015-09-11 16:30:27,NO ANSWER
2015-09-11 16:31:23,NO ANSWER
2015-09-11 16:31:32,NO ANSWER
2015-09-11 16:32:57,ANSWERED
2015-09-11 16:35:27,ANSWERED
2015-09-11 17:02:37,ANSWERED
2015-09-11 17:37:01,ANSWERED
2015-09-11 18:03:37,ANSWERED
2015-09-11 18:23:02,ANSWERED
2015-09-11 18:26:53,ANSWERED
2015-09-11 18:30:02,NO ANSWER
2015-09-11 18:30:51,NO ANSWER
2015-09-11 18:27:42,ANSWERED
2015-09-11 18:46:45,NO ANSWER
2015-09-11 18:46:34,ANSWERED
2015-09-11 19:46:25,NO ANSWER
2015-09-11 19:55:17,NO ANSWER
2015-09-11 19:56:50,NO ANSWER
2015-09-11 19:56:33,ANSWERED
2015-09-11 20:00:36,ANSWERED
2015-09-11 20:26:38,ANSWERED
2015-09-11 21:00:35,NO ANSWER
2015-09-12 10:12:58,NO ANSWER
2015-09-12 10:11:14,ANSWERED
2015-09-12 10:13:56,ANSWERED
2015-09-12 11:18:50,NO ANSWER
2015-09-12 11:19:34,NO ANSWER
2015-09-12 11:25:52,ANSWERED
2015-09-12 11:30:05,ANSWERED
2015-09-12 11:47:57,ANSWERED
2015-09-12 12:09:52,ANSWERED
2015-09-12 12:16:52,ANSWERED
2015-09-12 12:40:55,ANSWERED
2015-09-12 12:48:09,ANSWERED
2015-09-12 13:41:10,ANSWERED
2015-09-12 15:22:25,ANSWERED
2015-09-12 15:28:57,ANSWERED
2015-09-12 16:14:04,ANSWERED
2015-09-12 17:27:19,ANSWERED
2015-09-12 17:33:09,ANSWERED
2015-09-12 17:44:41,ANSWERED
2015-09-12 18:40:27,ANSWERED
2015-09-12 19:03:36,NO ANSWER
2015-09-12 19:08:05,ANSWERED
2015-09-12 19:11:15,ANSWERED
2015-09-12 19:13:26,ANSWERED
2015-09-12 19:30:32,ANSWERED
2015-09-12 19:47:57,ANSWERED
2015-09-13 10:01:09,ANSWERED
2015-09-13 11:38:48,ANSWERED
2015-09-13 11:48:55,ANSWERED
2015-09-13 17:34:29,ANSWERED
2015-09-13 18:04:30,ANSWERED
2015-09-14 07:10:53,ANSWERED
2015-09-14 07:14:06,NO ANSWER
2015-09-14 07:16:13,ANSWERED
2015-09-14 07:17:01,NO ANSWER
2015-09-14 07:19:21,ANSWERED
2015-09-14 07:20:23,ANSWERED
2015-09-14 07:23:57,ANSWERED
2015-09-14 07:24:14,ANSWERED
2015-09-14 07:29:44,ANSWERED
2015-09-14 07:34:00,ANSWERED
2015-09-14 08:06:59,ANSWERED
2015-09-14 08:34:16,ANSWERED
2015-09-14 08:44:40,ANSWERED
2015-09-14 08:49:25,ANSWERED
2015-09-14 09:05:30,ANSWERED
2015-09-14 09:09:15,ANSWERED
2015-09-14 09:21:43,ANSWERED
2015-09-14 09:15:50,ANSWERED
2015-09-14 09:26:06,ANSWERED
2015-09-14 09:51:32,ANSWERED
2015-09-14 10:04:37,ANSWERED
2015-09-14 10:11:41,ANSWERED
2015-09-14 10:13:10,ANSWERED
2015-09-14 10:15:41,ANSWERED
2015-09-14 10:19:27,ANSWERED
2015-09-14 10:28:17,NO ANSWER
2015-09-14 10:29:39,NO ANSWER
2015-09-14 10:31:38,ANSWERED
2015-09-14 10:44:36,ANSWERED
2015-09-14 10:52:09,ANSWERED
2015-09-14 11:04:13,ANSWERED
2015-09-14 11:05:52,NO ANSWER
2015-09-14 11:11:09,ANSWERED
2015-09-14 11:33:30,NO ANSWER
2015-09-14 11:38:57,ANSWERED
2015-09-14 11:41:21,ANSWERED
2015-09-14 11:42:16,ANSWERED
2015-09-14 11:52:15,ANSWERED
2015-09-14 11:56:54,ANSWERED
2015-09-14 11:57:28,ANSWERED
2015-09-14 12:02:47,ANSWERED
2015-09-14 11:55:25,ANSWERED
2015-09-14 12:03:39,ANSWERED
2015-09-14 12:04:42,ANSWERED
2015-09-14 12:09:51,ANSWERED
2015-09-14 13:10:03,ANSWERED
2015-09-14 13:43:34,ANSWERED
2015-09-14 13:48:14,ANSWERED
2015-09-14 13:42:18,ANSWERED
2015-09-14 14:07:45,ANSWERED
2015-09-14 14:10:52,ANSWERED
2015-09-14 14:25:41,ANSWERED
2015-09-14 14:47:27,ANSWERED
2015-09-14 14:58:26,ANSWERED
2015-09-14 15:12:57,NO ANSWER
2015-09-14 15:25:23,ANSWERED
2015-09-14 15:24:05,ANSWERED
2015-09-14 15:33:06,ANSWERED
2015-09-14 15:45:17,ANSWERED
2015-09-14 15:56:02,ANSWERED
2015-09-14 15:56:26,ANSWERED
2015-09-14 15:59:47,ANSWERED
2015-09-14 16:12:06,NO ANSWER
2015-09-14 16:14:02,ANSWERED
2015-09-14 16:20:23,ANSWERED
2015-09-14 16:27:47,ANSWERED
2015-09-14 16:28:42,ANSWERED
2015-09-14 17:08:02,ANSWERED
2015-09-14 17:05:27,ANSWERED
2015-09-14 19:41:09,ANSWERED
2015-09-15 07:31:18,ANSWERED
2015-09-15 07:33:40,ANSWERED
2015-09-15 07:33:57,ANSWERED
2015-09-15 07:46:11,NO ANSWER
2015-09-15 07:52:31,ANSWERED
2015-09-15 08:47:03,ANSWERED
2015-09-15 08:49:46,ANSWERED
2015-09-15 09:50:19,ANSWERED
2015-09-15 09:59:58,ANSWERED
2015-09-15 10:54:30,ANSWERED
2015-09-15 11:07:29,ANSWERED
2015-09-15 11:36:44,ANSWERED
2015-09-15 11:52:20,ANSWERED
2015-09-15 12:37:53,ANSWERED
2015-09-15 13:02:30,ANSWERED
2015-09-15 13:14:27,ANSWERED
2015-09-15 14:00:08,ANSWERED
2015-09-15 14:05:11,ANSWERED
2015-09-15 14:15:21,ANSWERED
2015-09-15 14:33:07,ANSWERED
2015-09-15 14:59:06,ANSWERED
2015-09-15 15:04:45,ANSWERED
2015-09-15 15:11:00,ANSWERED
2015-09-15 15:17:46,ANSWERED
2015-09-15 15:25:44,NO ANSWER
2015-09-15 15:26:48,NO ANSWER
2015-09-15 15:30:13,ANSWERED
2015-09-15 16:30:13,ANSWERED
2015-09-15 16:39:22,ANSWERED
2015-09-15 17:02:43,ANSWERED
2015-09-15 17:10:29,NO ANSWER
2015-09-15 17:17:57,NO ANSWER
2015-09-15 17:20:56,ANSWERED
2015-09-15 17:40:15,ANSWERED
2015-09-15 17:12:50,ANSWERED
2015-09-15 17:57:02,NO ANSWER
2015-09-15 17:58:40,NO ANSWER
2015-09-15 17:59:34,NO ANSWER
2015-09-15 17:59:22,ANSWERED
2015-09-15 17:47:29,ANSWERED
2015-09-15 18:02:40,ANSWERED
2015-09-15 18:21:38,ANSWERED
2015-09-15 18:25:23,ANSWERED
2015-09-15 18:28:30,ANSWERED
2015-09-16 08:00:44,ANSWERED
2015-09-16 08:05:25,ANSWERED
2015-09-16 08:57:20,ANSWERED
2015-09-16 09:14:40,NO ANSWER
2015-09-16 09:34:27,ANSWERED
2015-09-16 09:56:24,NO ANSWER
2015-09-16 09:58:19,NO ANSWER
2015-09-16 09:50:17,ANSWERED
2015-09-16 10:08:09,ANSWERED
2015-09-16 10:09:22,NO ANSWER
2015-09-16 10:12:22,NO ANSWER
2015-09-16 10:17:06,NO ANSWER
2015-09-16 10:18:14,ANSWERED
2015-09-16 10:18:17,ANSWERED
2015-09-16 10:20:27,ANSWERED
2015-09-16 10:28:50,ANSWERED
2015-09-16 10:30:19,NO ANSWER
2015-09-16 10:32:08,NO ANSWER
2015-09-16 10:30:17,ANSWERED
2015-09-16 10:37:15,ANSWERED
2015-09-16 10:34:49,ANSWERED
2015-09-16 10:53:45,ANSWERED
2015-09-16 10:55:34,ANSWERED
2015-09-16 10:55:49,NO ANSWER
2015-09-16 11:08:08,ANSWERED
2015-09-16 11:11:12,ANSWERED
2015-09-16 11:13:51,NO ANSWER
2015-09-16 11:14:42,NO ANSWER
2015-09-16 11:15:35,NO ANSWER
2015-09-16 11:12:07,ANSWERED
2015-09-16 11:16:49,ANSWERED
2015-09-16 11:24:41,ANSWERED
2015-09-16 11:31:43,ANSWERED
2015-09-16 11:37:07,ANSWERED
2015-09-16 12:21:09,NO ANSWER
2015-09-16 13:33:22,ANSWERED
2015-09-16 14:14:11,ANSWERED
2015-09-16 14:16:33,ANSWERED
2015-09-16 14:20:58,NO ANSWER
2015-09-16 14:21:50,NO ANSWER
2015-09-16 14:18:38,ANSWERED
2015-09-16 14:30:40,ANSWERED
2015-09-16 14:34:17,ANSWERED
2015-09-16 14:35:11,ANSWERED
2015-09-16 14:39:29,ANSWERED
2015-09-16 14:48:43,ANSWERED
2015-09-16 14:48:07,ANSWERED
2015-09-16 14:58:48,ANSWERED
2015-09-16 15:13:58,ANSWERED
2015-09-16 15:13:49,ANSWERED
2015-09-16 15:46:21,NO ANSWER
2015-09-16 15:49:52,ANSWERED
2015-09-16 16:28:37,NO ANSWER
2015-09-16 16:30:10,ANSWERED
2015-09-16 16:49:11,NO ANSWER
2015-09-16 18:06:39,ANSWERED
2015-09-16 18:03:06,ANSWERED
2015-09-16 18:27:29,ANSWERED
2015-09-16 18:31:30,ANSWERED
2015-09-16 19:09:01,ANSWERED
2015-09-16 20:35:59,ANSWERED
2015-09-16 20:47:56,ANSWERED
2015-09-17 07:54:06,ANSWERED
2015-09-17 08:09:32,ANSWERED
2015-09-17 08:24:48,ANSWERED
2015-09-17 08:53:42,ANSWERED
2015-09-17 09:08:05,ANSWERED
2015-09-17 09:09:38,ANSWERED
2015-09-17 09:12:43,NO ANSWER
2015-09-17 09:27:53,NO ANSWER
2015-09-17 09:29:40,ANSWERED
2015-09-17 09:46:01,ANSWERED
2015-09-17 10:02:45,ANSWERED
2015-09-17 10:08:34,ANSWERED
2015-09-17 10:59:51,ANSWERED
2015-09-17 11:02:11,ANSWERED
2015-09-17 11:51:07,ANSWERED
2015-09-17 11:52:49,ANSWERED
2015-09-17 11:53:02,ANSWERED
2015-09-17 11:53:45,ANSWERED
2015-09-17 11:54:06,ANSWERED
2015-09-17 12:18:26,ANSWERED
2015-09-17 13:49:05,ANSWERED
2015-09-17 13:59:35,NO ANSWER
2015-09-17 14:05:07,ANSWERED
2015-09-17 14:21:03,ANSWERED
2015-09-17 14:23:33,ANSWERED
2015-09-17 14:34:05,ANSWERED
2015-09-17 14:34:24,ANSWERED
2015-09-17 14:37:47,NO ANSWER
2015-09-17 14:41:01,ANSWERED
2015-09-17 14:46:25,NO ANSWER
2015-09-17 15:10:04,ANSWERED
2015-09-17 15:18:53,ANSWERED
2015-09-17 15:41:39,ANSWERED
2015-09-17 15:56:40,NO ANSWER
2015-09-17 15:58:06,NO ANSWER
2015-09-17 15:58:08,NO ANSWER
2015-09-17 15:49:45,ANSWERED
2015-09-17 16:01:36,NO ANSWER
2015-09-17 16:01:53,ANSWERED
2015-09-17 16:58:41,ANSWERED
2015-09-17 17:11:07,ANSWERED
2015-09-18 08:45:19,ANSWERED
2015-09-18 08:46:00,ANSWERED
2015-09-18 08:46:30,ANSWERED
2015-09-18 08:58:30,ANSWERED
2015-09-18 09:03:30,ANSWERED
2015-09-18 09:10:41,ANSWERED
2015-09-18 10:05:16,NO ANSWER
2015-09-18 10:04:50,ANSWERED
2015-09-18 10:05:40,ANSWERED
2015-09-18 10:05:43,ANSWERED
2015-09-18 10:09:59,NO ANSWER
2015-09-18 10:11:24,NO ANSWER
2015-09-18 10:12:41,NO ANSWER
2015-09-18 10:15:06,ANSWERED
2015-09-18 10:17:21,ANSWERED
2015-09-18 10:26:21,NO ANSWER
2015-09-18 10:27:43,NO ANSWER
2015-09-18 10:21:15,ANSWERED
2015-09-18 10:25:27,ANSWERED
2015-09-18 10:39:11,ANSWERED
2015-09-18 10:43:34,ANSWERED
2015-09-18 11:10:50,ANSWERED
2015-09-18 11:11:04,NO ANSWER
2015-09-18 11:36:12,ANSWERED
2015-09-18 11:43:42,NO ANSWER
2015-09-18 11:24:11,ANSWERED
2015-09-18 11:46:18,ANSWERED
2015-09-18 12:04:22,NO ANSWER
2015-09-18 12:07:41,ANSWERED
2015-09-18 12:15:20,NO ANSWER
2015-09-18 12:22:49,ANSWERED
2015-09-18 12:25:29,NO ANSWER
2015-09-18 12:27:38,ANSWERED
2015-09-18 12:26:24,ANSWERED
2015-09-18 12:50:10,NO ANSWER
2015-09-18 12:51:13,NO ANSWER
2015-09-18 12:48:27,ANSWERED
2015-09-18 13:01:56,ANSWERED
2015-09-18 13:30:08,ANSWERED
2015-09-18 13:32:21,ANSWERED
2015-09-18 13:41:35,NO ANSWER
2015-09-18 13:45:56,ANSWERED
2015-09-18 13:48:42,ANSWERED
2015-09-18 13:40:36,ANSWERED
2015-09-18 14:11:27,ANSWERED
2015-09-18 15:04:40,NO ANSWER
2015-09-18 14:49:56,ANSWERED
2015-09-18 15:12:36,ANSWERED
2015-09-18 15:18:57,ANSWERED
2015-09-18 15:20:20,NO ANSWER
2015-09-18 15:19:31,ANSWERED
2015-09-18 15:30:23,NO ANSWER
2015-09-18 15:33:54,NO ANSWER
2015-09-18 15:36:22,NO ANSWER
2015-09-18 15:50:51,ANSWERED
2015-09-18 16:03:58,ANSWERED
2015-09-18 16:30:19,ANSWERED
2015-09-18 16:51:34,NO ANSWER
2015-09-18 16:53:15,ANSWERED
2015-09-18 16:57:38,ANSWERED
2015-09-18 17:05:55,ANSWERED
2015-09-18 17:07:28,ANSWERED
2015-09-18 17:23:16,ANSWERED
2015-09-18 18:25:09,ANSWERED
2015-09-18 18:28:27,ANSWERED
2015-09-18 18:47:15,ANSWERED
2015-09-18 18:56:56,ANSWERED
2015-09-18 19:38:39,ANSWERED
2015-09-19 08:56:57,NO ANSWER
2015-09-19 08:54:45,ANSWERED
2015-09-19 09:17:44,ANSWERED
2015-09-19 09:00:55,ANSWERED
2015-09-19 09:37:39,ANSWERED
2015-09-19 10:02:10,ANSWERED
2015-09-19 10:12:08,ANSWERED
2015-09-19 10:22:07,ANSWERED
2015-09-19 11:08:17,NO ANSWER
2015-09-19 11:02:45,ANSWERED
2015-09-19 11:10:20,ANSWERED
2015-09-19 11:14:07,ANSWERED
2015-09-19 11:33:07,ANSWERED
2015-09-19 11:35:34,ANSWERED
2015-09-19 11:55:13,ANSWERED
2015-09-19 12:13:03,NO ANSWER
2015-09-19 12:10:13,ANSWERED
2015-09-19 13:11:32,ANSWERED
2015-09-19 14:53:25,ANSWERED
2015-09-19 16:20:23,NO ANSWER
2015-09-19 16:47:52,ANSWERED
2015-09-19 17:19:42,ANSWERED
2015-09-19 17:47:41,ANSWERED
2015-09-19 18:45:21,ANSWERED
2015-09-19 20:08:50,ANSWERED
2015-09-19 20:20:23,ANSWERED
2015-09-19 23:09:04,NO ANSWER
2015-09-20 09:38:26,NO ANSWER
2015-09-20 11:03:29,ANSWERED
2015-09-20 11:37:04,NO ANSWER
2015-09-20 11:40:29,NO ANSWER
2015-09-20 11:42:54,ANSWERED
2015-09-20 13:54:17,ANSWERED
2015-09-20 14:21:45,ANSWERED
2015-09-20 16:56:11,ANSWERED
2015-09-21 07:13:27,ANSWERED
2015-09-21 07:21:13,NO ANSWER
2015-09-21 07:22:08,ANSWERED
2015-09-21 07:29:31,ANSWERED
2015-09-21 07:31:59,ANSWERED
2015-09-21 08:14:52,ANSWERED
2015-09-21 09:01:37,ANSWERED
2015-09-21 09:07:52,ANSWERED
2015-09-21 09:29:19,ANSWERED
2015-09-21 09:34:02,ANSWERED
2015-09-21 09:38:31,ANSWERED
2015-09-21 09:52:32,NO ANSWER
2015-09-21 09:52:50,NO ANSWER
2015-09-21 09:51:48,NO ANSWER
2015-09-21 09:54:50,NO ANSWER
2015-09-21 09:57:34,NO ANSWER
2015-09-21 09:50:18,ANSWERED
2015-09-21 09:46:43,ANSWERED
2015-09-21 10:04:19,ANSWERED
2015-09-21 10:04:53,ANSWERED
2015-09-21 10:07:12,ANSWERED
2015-09-21 10:14:06,NO ANSWER
2015-09-21 10:08:08,ANSWERED
2015-09-21 10:22:09,NO ANSWER
2015-09-21 10:22:15,ANSWERED
2015-09-21 10:27:51,ANSWERED
2015-09-21 10:28:44,ANSWERED
2015-09-21 10:57:03,ANSWERED
2015-09-21 11:33:34,NO ANSWER
2015-09-21 11:43:27,NO ANSWER
2015-09-21 11:43:34,ANSWERED
2015-09-21 11:38:46,ANSWERED
2015-09-21 11:49:53,NO ANSWER
2015-09-21 11:56:04,ANSWERED
2015-09-21 12:02:31,ANSWERED
2015-09-21 12:06:33,ANSWERED
2015-09-21 12:08:33,ANSWERED
2015-09-21 12:12:42,ANSWERED
2015-09-21 12:19:05,ANSWERED
2015-09-21 12:54:20,ANSWERED
2015-09-21 12:55:16,ANSWERED
2015-09-21 14:18:25,NO ANSWER
2015-09-21 14:30:13,NO ANSWER
2015-09-21 14:42:37,NO ANSWER
2015-09-21 14:46:01,NO ANSWER
2015-09-21 14:46:42,NO ANSWER
2015-09-21 14:47:56,NO ANSWER
2015-09-21 14:49:39,NO ANSWER
2015-09-21 15:05:13,NO ANSWER
2015-09-21 15:09:02,NO ANSWER
2015-09-21 15:12:53,NO ANSWER
2015-09-21 15:18:05,NO ANSWER
2015-09-21 15:19:09,NO ANSWER
2015-09-21 15:25:18,NO ANSWER
2015-09-21 15:28:51,NO ANSWER
2015-09-21 15:30:01,NO ANSWER
2015-09-21 15:40:38,NO ANSWER
2015-09-21 15:49:02,NO ANSWER
2015-09-21 15:49:53,NO ANSWER
2015-09-21 16:04:33,NO ANSWER
2015-09-21 16:09:36,ANSWERED
2015-09-21 16:15:39,ANSWERED
2015-09-21 16:32:37,NO ANSWER
2015-09-21 16:32:12,ANSWERED
2015-09-21 16:37:25,ANSWERED
2015-09-21 16:53:01,ANSWERED
2015-09-21 16:58:02,ANSWERED
2015-09-21 16:58:30,ANSWERED
2015-09-21 17:41:21,ANSWERED
2015-09-21 18:24:13,ANSWERED
2015-09-21 18:48:59,ANSWERED
2015-09-21 19:13:54,ANSWERED
2015-09-21 19:16:03,ANSWERED
2015-09-22 07:23:42,ANSWERED
2015-09-22 07:50:44,ANSWERED
2015-09-22 08:01:36,ANSWERED
2015-09-22 08:07:33,ANSWERED
2015-09-22 08:19:58,NO ANSWER
2015-09-22 08:46:33,ANSWERED
2015-09-22 09:25:22,ANSWERED
2015-09-22 09:50:50,ANSWERED
2015-09-22 09:48:40,ANSWERED
2015-09-22 09:54:49,ANSWERED
2015-09-22 09:59:21,ANSWERED
2015-09-22 10:10:21,ANSWERED
2015-09-22 10:22:04,ANSWERED
2015-09-22 10:24:17,ANSWERED
2015-09-22 10:27:02,ANSWERED
2015-09-22 10:29:57,ANSWERED
2015-09-22 10:35:54,ANSWERED
2015-09-22 10:51:19,ANSWERED
2015-09-22 11:06:04,ANSWERED
2015-09-22 11:13:00,ANSWERED
2015-09-22 11:20:55,ANSWERED
2015-09-22 11:16:23,ANSWERED
2015-09-22 11:29:16,ANSWERED
2015-09-22 11:30:51,ANSWERED
2015-09-22 11:50:06,ANSWERED
2015-09-22 12:22:46,NO ANSWER
2015-09-22 12:21:21,ANSWERED
2015-09-22 12:27:29,NO ANSWER
2015-09-22 12:29:22,ANSWERED
2015-09-22 12:30:37,ANSWERED
2015-09-22 12:32:27,ANSWERED
2015-09-22 12:41:40,ANSWERED
2015-09-22 13:11:35,ANSWERED
2015-09-22 13:34:06,NO ANSWER
2015-09-22 13:47:15,ANSWERED
2015-09-22 13:47:21,ANSWERED
2015-09-22 14:05:21,ANSWERED
2015-09-22 14:06:01,ANSWERED
2015-09-22 14:14:34,ANSWERED
2015-09-22 14:15:40,ANSWERED
2015-09-22 14:19:48,ANSWERED
2015-09-22 14:46:42,ANSWERED
2015-09-22 14:49:30,ANSWERED
2015-09-22 14:49:51,ANSWERED
2015-09-22 15:04:56,ANSWERED
2015-09-22 15:13:35,ANSWERED
2015-09-22 15:54:39,ANSWERED
2015-09-22 16:11:12,ANSWERED
2015-09-22 16:20:29,NO ANSWER
2015-09-22 16:23:07,NO ANSWER
2015-09-22 16:33:14,ANSWERED
2015-09-22 16:39:34,ANSWERED
2015-09-22 16:45:58,ANSWERED
2015-09-22 16:56:40,ANSWERED
2015-09-22 17:13:41,ANSWERED
2015-09-22 17:19:47,ANSWERED
2015-09-22 17:23:32,ANSWERED
2015-09-22 17:51:22,ANSWERED
2015-09-22 17:53:04,NO ANSWER
2015-09-22 17:52:54,ANSWERED
2015-09-22 18:08:41,ANSWERED
2015-09-22 18:46:23,ANSWERED
2015-09-22 18:50:12,ANSWERED
2015-09-22 19:31:36,ANSWERED
2015-09-22 19:37:18,NO ANSWER
2015-09-23 07:27:22,ANSWERED
2015-09-23 07:52:33,ANSWERED
2015-09-23 08:01:39,NO ANSWER
2015-09-23 08:32:23,NO ANSWER
2015-09-23 08:38:12,NO ANSWER
2015-09-23 08:22:54,ANSWERED
2015-09-23 09:27:07,ANSWERED
2015-09-23 09:38:10,ANSWERED
2015-09-23 09:41:40,ANSWERED
2015-09-23 09:39:44,ANSWERED
2015-09-23 09:43:41,NO ANSWER
2015-09-23 09:43:56,NO ANSWER
2015-09-23 09:43:58,NO ANSWER
2015-09-23 09:55:00,ANSWERED
2015-09-23 10:02:11,ANSWERED
2015-09-23 10:10:02,ANSWERED
2015-09-23 10:19:42,NO ANSWER
2015-09-23 10:20:41,NO ANSWER
2015-09-23 10:25:42,NO ANSWER
2015-09-23 10:22:04,ANSWERED
2015-09-23 10:18:12,ANSWERED
2015-09-23 10:26:59,ANSWERED
2015-09-23 10:28:56,ANSWERED
2015-09-23 10:34:21,ANSWERED
2015-09-23 10:31:30,ANSWERED
2015-09-23 10:58:51,NO ANSWER
2015-09-23 11:00:01,NO ANSWER
2015-09-23 10:56:15,ANSWERED
2015-09-23 11:06:44,ANSWERED
2015-09-23 11:25:34,ANSWERED
2015-09-23 11:32:45,ANSWERED
2015-09-23 11:34:27,ANSWERED
2015-09-23 10:51:17,ANSWERED
2015-09-23 11:46:55,ANSWERED
2015-09-23 12:02:43,NO ANSWER
2015-09-23 13:39:43,ANSWERED
2015-09-23 14:27:18,ANSWERED
2015-09-23 14:27:53,ANSWERED
2015-09-23 15:21:44,ANSWERED
2015-09-23 15:22:21,ANSWERED
2015-09-23 15:43:39,ANSWERED
2015-09-23 15:48:05,ANSWERED
2015-09-23 15:52:39,ANSWERED
2015-09-23 16:20:46,ANSWERED
2015-09-23 16:53:19,ANSWERED
2015-09-23 17:27:55,ANSWERED
2015-09-23 17:57:52,ANSWERED
2015-09-23 18:16:57,ANSWERED
2015-09-23 19:36:05,ANSWERED
2015-09-24 07:36:22,ANSWERED
2015-09-24 07:41:36,NO ANSWER
2015-09-24 07:43:47,NO ANSWER
2015-09-24 07:44:39,NO ANSWER
2015-09-24 07:45:15,ANSWERED
2015-09-24 07:47:02,ANSWERED
2015-09-24 07:51:34,NO ANSWER
2015-09-24 09:28:33,ANSWERED
2015-09-24 09:44:35,ANSWERED
2015-09-24 09:48:36,ANSWERED
2015-09-24 10:08:21,ANSWERED
2015-09-24 10:28:58,ANSWERED
2015-09-24 10:39:16,ANSWERED
2015-09-24 10:42:01,ANSWERED
2015-09-24 10:54:01,ANSWERED
2015-09-24 11:12:55,NO ANSWER
2015-09-24 11:13:59,NO ANSWER
2015-09-24 11:18:04,NO ANSWER
2015-09-24 11:18:33,NO ANSWER
2015-09-24 11:05:45,ANSWERED
2015-09-24 11:19:40,NO ANSWER
2015-09-24 11:27:05,NO ANSWER
2015-09-24 11:34:41,NO ANSWER
2015-09-24 11:47:29,ANSWERED
2015-09-24 11:58:53,NO ANSWER
2015-09-24 12:04:29,NO ANSWER
2015-09-24 12:06:30,NO ANSWER
2015-09-24 12:08:45,NO ANSWER
2015-09-24 12:10:49,ANSWERED
2015-09-24 12:12:10,ANSWERED
2015-09-24 12:20:37,ANSWERED
2015-09-24 12:36:48,ANSWERED
2015-09-24 12:37:47,NO ANSWER
2015-09-24 12:49:14,ANSWERED
2015-09-24 13:03:31,ANSWERED
2015-09-24 13:55:27,ANSWERED
2015-09-24 14:38:23,NO ANSWER
2015-09-24 14:45:22,NO ANSWER
2015-09-24 14:46:10,NO ANSWER
2015-09-24 14:44:34,ANSWERED
2015-09-24 14:49:39,ANSWERED
2015-09-24 14:56:23,NO ANSWER
2015-09-24 14:56:42,NO ANSWER
2015-09-24 14:47:37,ANSWERED
2015-09-24 15:12:25,ANSWERED
2015-09-24 15:17:55,NO ANSWER
2015-09-24 15:19:16,NO ANSWER
2015-09-24 15:23:13,NO ANSWER
2015-09-24 15:23:58,NO ANSWER
2015-09-24 15:24:43,NO ANSWER
2015-09-24 15:24:21,NO ANSWER
2015-09-24 15:25:07,NO ANSWER
2015-09-24 15:25:44,NO ANSWER
2015-09-24 15:15:00,ANSWERED
2015-09-24 15:26:27,NO ANSWER
2015-09-24 15:26:51,ANSWERED
2015-09-24 15:31:32,ANSWERED
2015-09-24 15:59:10,ANSWERED
2015-09-24 15:59:04,ANSWERED
2015-09-24 16:01:25,ANSWERED
2015-09-24 16:11:41,NO ANSWER
2015-09-24 16:17:47,NO ANSWER
2015-09-24 16:25:05,NO ANSWER
2015-09-24 16:29:25,NO ANSWER
2015-09-24 16:29:57,NO ANSWER
2015-09-24 16:35:09,NO ANSWER
2015-09-24 16:50:00,ANSWERED
2015-09-24 16:54:07,ANSWERED
2015-09-24 16:52:37,ANSWERED
2015-09-24 16:59:17,NO ANSWER
2015-09-24 17:00:02,NO ANSWER
2015-09-24 17:03:36,NO ANSWER
2015-09-24 17:05:17,ANSWERED
2015-09-24 17:05:43,ANSWERED
2015-09-24 17:06:30,ANSWERED
2015-09-24 17:10:20,ANSWERED
2015-09-24 17:01:20,ANSWERED
2015-09-24 17:25:57,ANSWERED
2015-09-24 17:26:34,ANSWERED
2015-09-24 17:35:21,NO ANSWER
2015-09-24 17:34:35,ANSWERED
2015-09-24 17:20:38,ANSWERED
2015-09-24 17:58:01,NO ANSWER
2015-09-24 18:00:56,NO ANSWER
2015-09-24 18:55:21,ANSWERED
2015-09-24 19:30:51,ANSWERED
2015-09-24 19:15:51,ANSWERED
2015-09-24 19:46:25,ANSWERED
2015-09-25 07:43:08,ANSWERED
2015-09-25 08:47:36,ANSWERED
2015-09-25 10:30:16,NO ANSWER
2015-09-25 10:32:29,ANSWERED
2015-09-25 10:37:00,ANSWERED
2015-09-25 10:50:13,NO ANSWER
2015-09-25 10:57:42,ANSWERED
2015-09-25 10:59:52,ANSWERED
2015-09-25 11:01:39,ANSWERED
2015-09-25 11:03:33,ANSWERED
2015-09-25 11:17:59,NO ANSWER
2015-09-25 11:44:01,ANSWERED
2015-09-25 12:10:18,NO ANSWER
2015-09-25 12:10:53,NO ANSWER
2015-09-25 12:18:32,NO ANSWER
2015-09-25 12:18:34,NO ANSWER
2015-09-25 12:26:29,NO ANSWER
2015-09-25 12:27:22,NO ANSWER
2015-09-25 12:28:28,NO ANSWER
2015-09-25 12:29:01,NO ANSWER
2015-09-25 12:35:39,NO ANSWER
2015-09-25 13:05:34,NO ANSWER
2015-09-25 13:42:32,NO ANSWER
2015-09-25 13:48:29,NO ANSWER
2015-09-25 13:50:25,NO ANSWER
2015-09-25 13:50:49,NO ANSWER
2015-09-25 13:58:00,ANSWERED
2015-09-25 14:10:53,ANSWERED
2015-09-25 14:18:50,ANSWERED
2015-09-25 14:11:59,ANSWERED
2015-09-25 14:28:08,ANSWERED
2015-09-25 14:35:55,NO ANSWER
2015-09-25 14:35:39,ANSWERED
2015-09-25 15:01:32,ANSWERED
2015-09-25 15:24:56,ANSWERED
2015-09-25 15:26:59,NO ANSWER
2015-09-25 15:26:07,ANSWERED
2015-09-25 15:33:27,ANSWERED
2015-09-25 15:43:52,ANSWERED
2015-09-25 15:42:15,ANSWERED
2015-09-25 15:48:03,ANSWERED
2015-09-25 16:13:04,ANSWERED
2015-09-25 16:22:42,ANSWERED
2015-09-25 16:31:51,NO ANSWER
2015-09-25 16:23:31,ANSWERED
2015-09-25 16:32:38,ANSWERED
2015-09-25 16:47:45,ANSWERED
2015-09-25 16:49:27,ANSWERED
2015-09-25 16:54:10,ANSWERED
2015-09-25 17:03:01,ANSWERED
2015-09-25 18:20:15,ANSWERED
2015-09-25 19:15:01,NO ANSWER
2015-09-25 21:00:05,NO ANSWER
2015-09-26 07:38:05,NO ANSWER
2015-09-26 08:32:30,ANSWERED
2015-09-26 08:45:50,ANSWERED
2015-09-26 08:56:37,ANSWERED
2015-09-26 10:17:22,ANSWERED
2015-09-26 10:37:40,ANSWERED
2015-09-26 11:05:07,ANSWERED
2015-09-26 11:12:37,NO ANSWER
2015-09-26 11:13:41,ANSWERED
2015-09-26 11:38:55,ANSWERED
2015-09-26 11:45:26,NO ANSWER
2015-09-26 11:44:46,ANSWERED
2015-09-26 11:48:58,ANSWERED
2015-09-26 11:52:14,ANSWERED
2015-09-26 12:00:10,ANSWERED
2015-09-26 12:02:31,ANSWERED
2015-09-26 12:12:18,NO ANSWER
2015-09-26 12:24:38,NO ANSWER
2015-09-26 12:26:32,ANSWERED
2015-09-26 12:32:12,ANSWERED
2015-09-26 13:47:51,ANSWERED
2015-09-26 13:59:19,ANSWERED
2015-09-26 14:03:48,ANSWERED
2015-09-26 15:04:51,ANSWERED
2015-09-26 15:49:17,ANSWERED
2015-09-26 16:32:17,ANSWERED
2015-09-26 18:49:23,ANSWERED
2015-09-26 19:38:29,ANSWERED
2015-09-26 20:04:17,ANSWERED
2015-09-27 12:12:20,ANSWERED
2015-09-27 13:10:09,ANSWERED
2015-09-27 13:56:38,ANSWERED
2015-09-28 07:27:36,ANSWERED
2015-09-28 07:34:50,NO ANSWER
2015-09-28 07:35:41,NO ANSWER
2015-09-28 07:34:36,ANSWERED
2015-09-28 07:47:20,NO ANSWER
2015-09-28 07:42:48,ANSWERED
2015-09-28 08:10:55,ANSWERED
2015-09-28 08:11:42,ANSWERED
2015-09-28 08:11:07,ANSWERED
2015-09-28 08:13:01,ANSWERED
2015-09-28 08:17:29,ANSWERED
2015-09-28 08:17:43,ANSWERED
2015-09-28 08:17:52,ANSWERED
2015-09-28 08:21:20,NO ANSWER
2015-09-28 08:22:18,ANSWERED
2015-09-28 08:53:05,ANSWERED
2015-09-28 09:26:53,ANSWERED
2015-09-28 09:35:23,ANSWERED
2015-09-28 09:45:18,ANSWERED
2015-09-28 09:51:06,ANSWERED
2015-09-28 09:56:47,ANSWERED
2015-09-28 10:00:09,ANSWERED
2015-09-28 10:11:29,ANSWERED
2015-09-28 10:33:03,ANSWERED
2015-09-28 10:52:32,ANSWERED
2015-09-28 10:58:28,ANSWERED
2015-09-28 11:49:19,ANSWERED
2015-09-28 11:53:15,ANSWERED
2015-09-28 11:56:20,ANSWERED
2015-09-28 11:56:53,ANSWERED
2015-09-28 12:11:03,ANSWERED
2015-09-28 12:24:09,ANSWERED
2015-09-28 13:18:50,ANSWERED
2015-09-28 13:44:44,ANSWERED
2015-09-28 13:55:43,ANSWERED
2015-09-28 14:06:49,ANSWERED
2015-09-28 14:16:16,ANSWERED
2015-09-28 14:43:58,ANSWERED
2015-09-28 15:03:31,ANSWERED
2015-09-28 15:30:15,ANSWERED
2015-09-28 15:30:37,ANSWERED
2015-09-28 16:03:14,ANSWERED
2015-09-28 16:22:20,ANSWERED
2015-09-28 16:56:42,NO ANSWER
2015-09-28 17:09:38,NO ANSWER
2015-09-28 17:11:12,NO ANSWER
2015-09-28 16:52:39,ANSWERED
2015-09-28 17:12:27,ANSWERED
2015-09-28 17:10:14,ANSWERED
2015-09-28 16:49:45,ANSWERED
2015-09-28 17:14:00,ANSWERED
2015-09-28 17:14:51,ANSWERED
2015-09-28 17:14:34,NO ANSWER
2015-09-28 17:23:07,ANSWERED
2015-09-28 17:30:00,ANSWERED
2015-09-28 17:32:22,ANSWERED
2015-09-28 17:38:11,ANSWERED
2015-09-28 18:30:36,ANSWERED
2015-09-28 18:34:24,ANSWERED
2015-09-28 18:39:10,ANSWERED
2015-09-28 19:15:26,ANSWERED
2015-09-29 07:08:36,ANSWERED
2015-09-29 07:18:04,NO ANSWER
2015-09-29 07:14:09,ANSWERED
2015-09-29 07:25:51,ANSWERED
2015-09-29 07:30:19,ANSWERED
2015-09-29 07:49:54,ANSWERED
2015-09-29 07:49:04,ANSWERED
2015-09-29 08:21:29,ANSWERED
2015-09-29 09:18:43,ANSWERED
2015-09-29 09:44:24,ANSWERED
2015-09-29 10:00:54,NO ANSWER
2015-09-29 10:03:30,ANSWERED
2015-09-29 10:10:15,ANSWERED
2015-09-29 10:08:14,ANSWERED
2015-09-29 10:21:43,ANSWERED
2015-09-29 10:23:01,ANSWERED
2015-09-29 10:21:29,ANSWERED
2015-09-29 10:57:45,NO ANSWER
2015-09-29 10:55:38,ANSWERED
2015-09-29 10:53:04,ANSWERED
2015-09-29 11:07:51,ANSWERED
2015-09-29 11:35:21,ANSWERED
2015-09-29 11:34:01,ANSWERED
2015-09-29 11:50:56,NO ANSWER
2015-09-29 11:55:20,NO ANSWER
2015-09-29 12:04:17,ANSWERED
2015-09-29 12:13:27,ANSWERED
2015-09-29 12:33:00,ANSWERED
2015-09-29 13:34:12,ANSWERED
2015-09-29 13:45:49,ANSWERED
2015-09-29 14:55:42,ANSWERED
2015-09-29 15:01:32,ANSWERED
2015-09-29 15:07:49,ANSWERED
2015-09-29 15:13:50,NO ANSWER
2015-09-29 15:15:38,NO ANSWER
2015-09-29 15:15:22,ANSWERED
2015-09-29 15:17:42,NO ANSWER
2015-09-29 15:22:54,NO ANSWER
2015-09-29 15:23:15,ANSWERED
2015-09-29 15:37:04,NO ANSWER
2015-09-29 15:57:26,ANSWERED
2015-09-29 16:17:18,NO ANSWER
2015-09-29 16:22:15,NO ANSWER
2015-09-29 16:20:26,ANSWERED
2015-09-29 16:25:41,NO ANSWER
2015-09-29 16:27:48,NO ANSWER
2015-09-29 16:36:19,NO ANSWER
2015-09-29 17:06:15,NO ANSWER
2015-09-29 17:44:22,ANSWERED
2015-09-29 18:12:56,ANSWERED
2015-09-29 18:07:52,ANSWERED
2015-09-29 18:42:04,ANSWERED
2015-09-29 18:53:17,NO ANSWER
2015-09-29 20:05:49,NO ANSWER
2015-09-29 20:04:53,NO ANSWER
2015-09-29 20:12:55,ANSWERED
2015-09-29 20:10:04,ANSWERED
2015-09-29 20:25:12,ANSWERED
2015-09-30 06:57:38,ANSWERED
2015-09-30 07:00:40,NO ANSWER
2015-09-30 07:05:05,NO ANSWER
2015-09-30 07:09:23,ANSWERED
2015-09-30 07:13:21,ANSWERED
2015-09-30 08:08:10,NO ANSWER
2015-09-30 08:06:13,ANSWERED
2015-09-30 09:06:27,ANSWERED
2015-09-30 09:05:54,ANSWERED
2015-09-30 09:35:38,ANSWERED
2015-09-30 09:34:59,ANSWERED
2015-09-30 09:49:19,ANSWERED
2015-09-30 09:56:21,ANSWERED
2015-09-30 10:04:13,ANSWERED
2015-09-30 10:08:15,NO ANSWER
2015-09-30 10:08:39,NO ANSWER
2015-09-30 10:09:55,ANSWERED
2015-09-30 10:12:30,ANSWERED
2015-09-30 10:15:48,ANSWERED
2015-09-30 10:25:23,ANSWERED
2015-09-30 10:35:54,ANSWERED
2015-09-30 10:47:35,ANSWERED
2015-09-30 10:51:53,ANSWERED
2015-09-30 11:03:51,ANSWERED
2015-09-30 11:19:55,ANSWERED
2015-09-30 11:31:06,ANSWERED
2015-09-30 12:04:03,ANSWERED
2015-09-30 12:13:24,ANSWERED
2015-09-30 12:13:37,ANSWERED
2015-09-30 14:06:04,ANSWERED
2015-09-30 14:13:26,ANSWERED
2015-09-30 14:00:49,ANSWERED
2015-09-30 14:25:20,ANSWERED
2015-09-30 14:44:12,ANSWERED
2015-09-30 14:51:48,ANSWERED
2015-09-30 15:11:54,ANSWERED
2015-09-30 15:33:16,NO ANSWER
2015-09-30 15:38:02,NO ANSWER
2015-09-30 15:44:29,ANSWERED
2015-09-30 15:56:02,ANSWERED
2015-09-30 15:57:45,ANSWERED
2015-09-30 16:25:39,ANSWERED
2015-09-30 16:29:08,ANSWERED
2015-09-30 16:54:24,ANSWERED
2015-09-30 16:54:50,ANSWERED
2015-09-30 17:07:36,NO ANSWER
2015-09-30 17:25:47,ANSWERED
2015-09-30 17:34:45,ANSWERED
2015-09-30 17:50:51,ANSWERED
2015-09-30 18:15:48,NO ANSWER
2015-09-30 18:35:38,NO ANSWER
2015-09-30 18:30:57,ANSWERED
2015-09-30 18:40:54,ANSWERED
2015-09-30 19:04:56,ANSWERED
2015-09-30 19:11:17,ANSWERED
2015-09-30 19:26:12,ANSWERED
2015-09-30 19:34:13,ANSWERED
2015-09-30 19:41:47,ANSWERED
2015-09-30 19:51:21,ANSWERED
2015-09-30 20:09:57,ANSWERED
2015-09-30 20:17:09,ANSWERED